268483462	visit badges	market report view	http://www.emichvw.com/searchused.aspx?make=Volkswagen	www.emichvw.com	2014-12-05 15:45:48.000000	Denver	Colorado	WVWGK93C76P204894	Used	2006	Volkswagen	Passat	2.0T	Sedan	null	null	7995.0000	111336	24	Blue	Black	2.0 L	4 Cyl	Manual	FWD	Gasoline	1	f	f	f	4-Wheel Disc Brakes:4-Wheel Independent Suspension:AM/FM:Adjustable Steering Wheel:Air Conditioning:Anti-lock Brakes:Anti-theft System:CD (Single Disc):Compass:Cruise Control:Front Airbags (Driver):Front Side Airbags (Driver):Heated Mirrors:Intermittent Wipers:Keyless Entry:Leatherette Seats:MP3:Power Mirrors:Power Steering:Power Windows:Reading Lights:Rear Window Defroster:Split/Folding Seats:Tachometer:Thermometer:Tire Pressure Monitoring System:Trip Computer:Vanity Mirror/Light:8 Speakers:Body Colored Bumpers:Body Side Moldings:Braking Assist:Door Bin:Front Airbags (Passenger):Front Anti-Roll Bar:Front Bucket Seats:Front Center Armrest:Front Side Airbags (Passenger):Head Restraint Whiplash Protection:Illuminated Entry:Overhead Airbag:Overhead Console:Passenger Sensing Airbag:Rear Anti-Roll Bar:Rear Center Armrest:Speed-Sensing Steering:Stability Control:Traction Control:Turn Signal Mirrors
268483462	visit badges	market report view	http://www.emichvw.com/searchused.aspx?make=Volkswagen	www.emichvw.com	2014-12-05 15:45:47.000000	Denver	Colorado	WVWGK93C76P204894	Used	2006	Volkswagen	Passat	2.0T	Sedan	null	null	7995.0000	111336	24	Blue	Black	2.0 L	4 Cyl	Manual	FWD	Gasoline	1	f	f	f	4-Wheel Disc Brakes:4-Wheel Independent Suspension:AM/FM:Adjustable Steering Wheel:Air Conditioning:Anti-lock Brakes:Anti-theft System:CD (Single Disc):Compass:Cruise Control:Front Airbags (Driver):Front Side Airbags (Driver):Heated Mirrors:Intermittent Wipers:Keyless Entry:Leatherette Seats:MP3:Power Mirrors:Power Steering:Power Windows:Reading Lights:Rear Window Defroster:Split/Folding Seats:Tachometer:Thermometer:Tire Pressure Monitoring System:Trip Computer:Vanity Mirror/Light:8 Speakers:Body Colored Bumpers:Body Side Moldings:Braking Assist:Door Bin:Front Airbags (Passenger):Front Anti-Roll Bar:Front Bucket Seats:Front Center Armrest:Front Side Airbags (Passenger):Head Restraint Whiplash Protection:Illuminated Entry:Overhead Airbag:Overhead Console:Passenger Sensing Airbag:Rear Anti-Roll Bar:Rear Center Armrest:Speed-Sensing Steering:Stability Control:Traction Control:Turn Signal Mirrors
268483462	visit features	market report view	http://www.emichvw.com/searchused.aspx?make=Volkswagen	www.emichvw.com	2014-12-05 15:45:33.000000	Denver	Colorado	WVWGK93C76P204894	Used	2006	Volkswagen	Passat	2.0T	Sedan	null	null	7995.0000	111336	24	Blue	Black	2.0 L	4 Cyl	Manual	FWD	Gasoline	1	f	f	f	4-Wheel Disc Brakes:4-Wheel Independent Suspension:AM/FM:Adjustable Steering Wheel:Air Conditioning:Anti-lock Brakes:Anti-theft System:CD (Single Disc):Compass:Cruise Control:Front Airbags (Driver):Front Side Airbags (Driver):Heated Mirrors:Intermittent Wipers:Keyless Entry:Leatherette Seats:MP3:Power Mirrors:Power Steering:Power Windows:Reading Lights:Rear Window Defroster:Split/Folding Seats:Tachometer:Thermometer:Tire Pressure Monitoring System:Trip Computer:Vanity Mirror/Light:8 Speakers:Body Colored Bumpers:Body Side Moldings:Braking Assist:Door Bin:Front Airbags (Passenger):Front Anti-Roll Bar:Front Bucket Seats:Front Center Armrest:Front Side Airbags (Passenger):Head Restraint Whiplash Protection:Illuminated Entry:Overhead Airbag:Overhead Console:Passenger Sensing Airbag:Rear Anti-Roll Bar:Rear Center Armrest:Speed-Sensing Steering:Stability Control:Traction Control:Turn Signal Mirrors
268483462	visit features	market report view	http://www.emichvw.com/searchused.aspx?make=Volkswagen	www.emichvw.com	2014-12-05 15:45:39.000000	Denver	Colorado	WVWGK93C76P204894	Used	2006	Volkswagen	Passat	2.0T	Sedan	null	null	7995.0000	111336	24	Blue	Black	2.0 L	4 Cyl	Manual	FWD	Gasoline	1	f	f	f	4-Wheel Disc Brakes:4-Wheel Independent Suspension:AM/FM:Adjustable Steering Wheel:Air Conditioning:Anti-lock Brakes:Anti-theft System:CD (Single Disc):Compass:Cruise Control:Front Airbags (Driver):Front Side Airbags (Driver):Heated Mirrors:Intermittent Wipers:Keyless Entry:Leatherette Seats:MP3:Power Mirrors:Power Steering:Power Windows:Reading Lights:Rear Window Defroster:Split/Folding Seats:Tachometer:Thermometer:Tire Pressure Monitoring System:Trip Computer:Vanity Mirror/Light:8 Speakers:Body Colored Bumpers:Body Side Moldings:Braking Assist:Door Bin:Front Airbags (Passenger):Front Anti-Roll Bar:Front Bucket Seats:Front Center Armrest:Front Side Airbags (Passenger):Head Restraint Whiplash Protection:Illuminated Entry:Overhead Airbag:Overhead Console:Passenger Sensing Airbag:Rear Anti-Roll Bar:Rear Center Armrest:Speed-Sensing Steering:Stability Control:Traction Control:Turn Signal Mirrors
268483462	visit_market_report_listing	market report view	http://www.emichvw.com/searchused.aspx?make=Volkswagen	www.emichvw.com	2014-12-05 15:45:08.000000	Denver	Colorado	WVWGK93C76P204894	Used	2006	Volkswagen	Passat	2.0T	Sedan	null	null	7995.0000	111336	24	Blue	Black	2.0 L	4 Cyl	Manual	FWD	Gasoline	1	f	f	f	4-Wheel Disc Brakes:4-Wheel Independent Suspension:AM/FM:Adjustable Steering Wheel:Air Conditioning:Anti-lock Brakes:Anti-theft System:CD (Single Disc):Compass:Cruise Control:Front Airbags (Driver):Front Side Airbags (Driver):Heated Mirrors:Intermittent Wipers:Keyless Entry:Leatherette Seats:MP3:Power Mirrors:Power Steering:Power Windows:Reading Lights:Rear Window Defroster:Split/Folding Seats:Tachometer:Thermometer:Tire Pressure Monitoring System:Trip Computer:Vanity Mirror/Light:8 Speakers:Body Colored Bumpers:Body Side Moldings:Braking Assist:Door Bin:Front Airbags (Passenger):Front Anti-Roll Bar:Front Bucket Seats:Front Center Armrest:Front Side Airbags (Passenger):Head Restraint Whiplash Protection:Illuminated Entry:Overhead Airbag:Overhead Console:Passenger Sensing Airbag:Rear Anti-Roll Bar:Rear Center Armrest:Speed-Sensing Steering:Stability Control:Traction Control:Turn Signal Mirrors
268483462	click vehicle history report link	market report view	http://www.emichvw.com/searchused.aspx?make=Volkswagen	www.emichvw.com	2014-12-05 15:45:23.000000	Denver	Colorado	WVWGK93C76P204894	Used	2006	Volkswagen	Passat	2.0T	Sedan	null	null	7995.0000	111336	24	Blue	Black	2.0 L	4 Cyl	Manual	FWD	Gasoline	1	f	f	f	4-Wheel Disc Brakes:4-Wheel Independent Suspension:AM/FM:Adjustable Steering Wheel:Air Conditioning:Anti-lock Brakes:Anti-theft System:CD (Single Disc):Compass:Cruise Control:Front Airbags (Driver):Front Side Airbags (Driver):Heated Mirrors:Intermittent Wipers:Keyless Entry:Leatherette Seats:MP3:Power Mirrors:Power Steering:Power Windows:Reading Lights:Rear Window Defroster:Split/Folding Seats:Tachometer:Thermometer:Tire Pressure Monitoring System:Trip Computer:Vanity Mirror/Light:8 Speakers:Body Colored Bumpers:Body Side Moldings:Braking Assist:Door Bin:Front Airbags (Passenger):Front Anti-Roll Bar:Front Bucket Seats:Front Center Armrest:Front Side Airbags (Passenger):Head Restraint Whiplash Protection:Illuminated Entry:Overhead Airbag:Overhead Console:Passenger Sensing Airbag:Rear Anti-Roll Bar:Rear Center Armrest:Speed-Sensing Steering:Stability Control:Traction Control:Turn Signal Mirrors
268483462	visit vehicle history	market report view	http://www.emichvw.com/searchused.aspx?make=Volkswagen	www.emichvw.com	2014-12-05 15:45:21.000000	Denver	Colorado	WVWGK93C76P204894	Used	2006	Volkswagen	Passat	2.0T	Sedan	null	null	7995.0000	111336	24	Blue	Black	2.0 L	4 Cyl	Manual	FWD	Gasoline	1	f	f	f	4-Wheel Disc Brakes:4-Wheel Independent Suspension:AM/FM:Adjustable Steering Wheel:Air Conditioning:Anti-lock Brakes:Anti-theft System:CD (Single Disc):Compass:Cruise Control:Front Airbags (Driver):Front Side Airbags (Driver):Heated Mirrors:Intermittent Wipers:Keyless Entry:Leatherette Seats:MP3:Power Mirrors:Power Steering:Power Windows:Reading Lights:Rear Window Defroster:Split/Folding Seats:Tachometer:Thermometer:Tire Pressure Monitoring System:Trip Computer:Vanity Mirror/Light:8 Speakers:Body Colored Bumpers:Body Side Moldings:Braking Assist:Door Bin:Front Airbags (Passenger):Front Anti-Roll Bar:Front Bucket Seats:Front Center Armrest:Front Side Airbags (Passenger):Head Restraint Whiplash Protection:Illuminated Entry:Overhead Airbag:Overhead Console:Passenger Sensing Airbag:Rear Anti-Roll Bar:Rear Center Armrest:Speed-Sensing Steering:Stability Control:Traction Control:Turn Signal Mirrors
268483462	visit vehicle history	market report view	http://www.emichvw.com/searchused.aspx?make=Volkswagen	www.emichvw.com	2014-12-05 15:45:45.000000	Denver	Colorado	WVWGK93C76P204894	Used	2006	Volkswagen	Passat	2.0T	Sedan	null	null	7995.0000	111336	24	Blue	Black	2.0 L	4 Cyl	Manual	FWD	Gasoline	1	f	f	f	4-Wheel Disc Brakes:4-Wheel Independent Suspension:AM/FM:Adjustable Steering Wheel:Air Conditioning:Anti-lock Brakes:Anti-theft System:CD (Single Disc):Compass:Cruise Control:Front Airbags (Driver):Front Side Airbags (Driver):Heated Mirrors:Intermittent Wipers:Keyless Entry:Leatherette Seats:MP3:Power Mirrors:Power Steering:Power Windows:Reading Lights:Rear Window Defroster:Split/Folding Seats:Tachometer:Thermometer:Tire Pressure Monitoring System:Trip Computer:Vanity Mirror/Light:8 Speakers:Body Colored Bumpers:Body Side Moldings:Braking Assist:Door Bin:Front Airbags (Passenger):Front Anti-Roll Bar:Front Bucket Seats:Front Center Armrest:Front Side Airbags (Passenger):Head Restraint Whiplash Protection:Illuminated Entry:Overhead Airbag:Overhead Console:Passenger Sensing Airbag:Rear Anti-Roll Bar:Rear Center Armrest:Speed-Sensing Steering:Stability Control:Traction Control:Turn Signal Mirrors
268483462	visit badges	market report view	http://www.emichvw.com/searchused.aspx?make=Volkswagen	www.emichvw.com	2014-12-05 15:45:18.000000	Denver	Colorado	WVWGK93C76P204894	Used	2006	Volkswagen	Passat	2.0T	Sedan	null	null	7995.0000	111336	24	Blue	Black	2.0 L	4 Cyl	Manual	FWD	Gasoline	1	f	f	f	4-Wheel Disc Brakes:4-Wheel Independent Suspension:AM/FM:Adjustable Steering Wheel:Air Conditioning:Anti-lock Brakes:Anti-theft System:CD (Single Disc):Compass:Cruise Control:Front Airbags (Driver):Front Side Airbags (Driver):Heated Mirrors:Intermittent Wipers:Keyless Entry:Leatherette Seats:MP3:Power Mirrors:Power Steering:Power Windows:Reading Lights:Rear Window Defroster:Split/Folding Seats:Tachometer:Thermometer:Tire Pressure Monitoring System:Trip Computer:Vanity Mirror/Light:8 Speakers:Body Colored Bumpers:Body Side Moldings:Braking Assist:Door Bin:Front Airbags (Passenger):Front Anti-Roll Bar:Front Bucket Seats:Front Center Armrest:Front Side Airbags (Passenger):Head Restraint Whiplash Protection:Illuminated Entry:Overhead Airbag:Overhead Console:Passenger Sensing Airbag:Rear Anti-Roll Bar:Rear Center Armrest:Speed-Sensing Steering:Stability Control:Traction Control:Turn Signal Mirrors
268483462	visit badges	market report view	http://www.emichvw.com/searchused.aspx?make=Volkswagen	www.emichvw.com	2014-12-05 15:45:45.000000	Denver	Colorado	WVWGK93C76P204894	Used	2006	Volkswagen	Passat	2.0T	Sedan	null	null	7995.0000	111336	24	Blue	Black	2.0 L	4 Cyl	Manual	FWD	Gasoline	1	f	f	f	4-Wheel Disc Brakes:4-Wheel Independent Suspension:AM/FM:Adjustable Steering Wheel:Air Conditioning:Anti-lock Brakes:Anti-theft System:CD (Single Disc):Compass:Cruise Control:Front Airbags (Driver):Front Side Airbags (Driver):Heated Mirrors:Intermittent Wipers:Keyless Entry:Leatherette Seats:MP3:Power Mirrors:Power Steering:Power Windows:Reading Lights:Rear Window Defroster:Split/Folding Seats:Tachometer:Thermometer:Tire Pressure Monitoring System:Trip Computer:Vanity Mirror/Light:8 Speakers:Body Colored Bumpers:Body Side Moldings:Braking Assist:Door Bin:Front Airbags (Passenger):Front Anti-Roll Bar:Front Bucket Seats:Front Center Armrest:Front Side Airbags (Passenger):Head Restraint Whiplash Protection:Illuminated Entry:Overhead Airbag:Overhead Console:Passenger Sensing Airbag:Rear Anti-Roll Bar:Rear Center Armrest:Speed-Sensing Steering:Stability Control:Traction Control:Turn Signal Mirrors
272635691	visit features	market report view	https://dealer.carstory.com/marketreport/1FTFX1EV0AFB53055	dealer.carstory.com	2015-01-24 09:32:54.000000	null	null	1FTPX12V57KC10844	Used	2007	Ford	F-150	XLT	Pickup	null	Extended Cab	12901.0000	171430	12	Red	Gray	5.4 L	8 Cyl	Automatic	RWD	Flexible-Fuel	26	t	f	f	AM/FM:Adjustable Steering Wheel:Air Conditioning:Anti-theft System:Aux Audio Adapter:Bed Liner:CD (Single Disc):Center Console:Clock:Cloth Seats:Compass:Cruise Control:Cup Holder:Engine Immobilizer:Fog Lights:Front Airbags (Driver):Keyless Entry:Power Locks:Power Mirrors:Power Outlet:Power Steering:Power Windows:Sport Package:Thermometer:Towing Package:Vanity Mirror/Light:Armrest:Front Airbags (Passenger):Side Airbags:Super Cab:Tow Hooks
272635691	visit_market_report_listing	market report view	https://dealer.carstory.com/marketreport/1FTFX1EV0AFB53055	dealer.carstory.com	2015-01-24 09:32:36.000000	null	null	1FTPX12V57KC10844	Used	2007	Ford	F-150	XLT	Pickup	null	Extended Cab	12901.0000	171430	12	Red	Gray	5.4 L	8 Cyl	Automatic	RWD	Flexible-Fuel	26	t	f	f	AM/FM:Adjustable Steering Wheel:Air Conditioning:Anti-theft System:Aux Audio Adapter:Bed Liner:CD (Single Disc):Center Console:Clock:Cloth Seats:Compass:Cruise Control:Cup Holder:Engine Immobilizer:Fog Lights:Front Airbags (Driver):Keyless Entry:Power Locks:Power Mirrors:Power Outlet:Power Steering:Power Windows:Sport Package:Thermometer:Towing Package:Vanity Mirror/Light:Armrest:Front Airbags (Passenger):Side Airbags:Super Cab:Tow Hooks
272635691	visit vehicle history	market report view	https://dealer.carstory.com/marketreport/1FTFX1EV0AFB53055	dealer.carstory.com	2015-01-24 09:32:52.000000	null	null	1FTPX12V57KC10844	Used	2007	Ford	F-150	XLT	Pickup	null	Extended Cab	12901.0000	171430	12	Red	Gray	5.4 L	8 Cyl	Automatic	RWD	Flexible-Fuel	26	t	f	f	AM/FM:Adjustable Steering Wheel:Air Conditioning:Anti-theft System:Aux Audio Adapter:Bed Liner:CD (Single Disc):Center Console:Clock:Cloth Seats:Compass:Cruise Control:Cup Holder:Engine Immobilizer:Fog Lights:Front Airbags (Driver):Keyless Entry:Power Locks:Power Mirrors:Power Outlet:Power Steering:Power Windows:Sport Package:Thermometer:Towing Package:Vanity Mirror/Light:Armrest:Front Airbags (Passenger):Side Airbags:Super Cab:Tow Hooks
272635691	visit badges	market report view	https://dealer.carstory.com/marketreport/1FTFX1EV0AFB53055	dealer.carstory.com	2015-01-24 09:32:46.000000	null	null	1FTPX12V57KC10844	Used	2007	Ford	F-150	XLT	Pickup	null	Extended Cab	12901.0000	171430	12	Red	Gray	5.4 L	8 Cyl	Automatic	RWD	Flexible-Fuel	26	t	f	f	AM/FM:Adjustable Steering Wheel:Air Conditioning:Anti-theft System:Aux Audio Adapter:Bed Liner:CD (Single Disc):Center Console:Clock:Cloth Seats:Compass:Cruise Control:Cup Holder:Engine Immobilizer:Fog Lights:Front Airbags (Driver):Keyless Entry:Power Locks:Power Mirrors:Power Outlet:Power Steering:Power Windows:Sport Package:Thermometer:Towing Package:Vanity Mirror/Light:Armrest:Front Airbags (Passenger):Side Airbags:Super Cab:Tow Hooks
268520001	click features section	market report view	http://www.harbinautomotive.com/vehicle-details/2001-jeep-wrangler-sport-scottsboro-al-id-7835851	www.harbinautomotive.com	2015-01-12 20:48:42.000000	Sylvania	Alabama	1J4FA49SX1P301901	Used	2001	Jeep	Wrangler	Sport	SUV	null	null	0.0000	97232	15	Red	null	4.0 L	6 Cyl	Unknown	4WD	Gasoline	1	f	f	f	AM/FM:Cassette:Front Airbags (Driver):Intermittent Wipers:Power Steering:Tachometer:4 Speakers:Airbag Deactivation (Passenger):Door Bin:Front Airbags (Passenger):Front Anti-Roll Bar:Front Bucket Seats:Rear Anti-Roll Bar:Rollover Protection Bars:Skid Plate
268520001	visit_market_report_listing	market report view	http://www.harbinautomotive.com/vehicle-details/2001-jeep-wrangler-sport-scottsboro-al-id-7835851?form-action=success-getAQuoteResponsive2	www.harbinautomotive.com	2015-01-12 19:08:04.000000	Sylvania	Alabama	1J4FA49SX1P301901	Used	2001	Jeep	Wrangler	Sport	SUV	null	null	0.0000	97232	15	Red	null	4.0 L	6 Cyl	Unknown	4WD	Gasoline	1	f	f	f	AM/FM:Cassette:Front Airbags (Driver):Intermittent Wipers:Power Steering:Tachometer:4 Speakers:Airbag Deactivation (Passenger):Door Bin:Front Airbags (Passenger):Front Anti-Roll Bar:Front Bucket Seats:Rear Anti-Roll Bar:Rollover Protection Bars:Skid Plate
269897944	visit alternatives	market report view	http://www.harbinautomotive.com/vehicle-details/2001-jeep-wrangler-sport-scottsboro-al-id-7835851	www.harbinautomotive.com	2015-01-09 16:39:49.000000	Guin	Alabama	1J4FA49SX1P301901	Used	2001	Jeep	Wrangler	Sport	SUV	null	null	0.0000	97232	15	Red	null	4.0 L	6 Cyl	Unknown	4WD	Gasoline	1	f	f	f	AM/FM:Cassette:Front Airbags (Driver):Intermittent Wipers:Power Steering:Tachometer:4 Speakers:Airbag Deactivation (Passenger):Door Bin:Front Airbags (Passenger):Front Anti-Roll Bar:Front Bucket Seats:Rear Anti-Roll Bar:Rollover Protection Bars:Skid Plate
268621717	visit badges	market report view	http://www.harbinautomotive.com/vehicle-details/2001-jeep-wrangler-sport-scottsboro-al-id-7835851	www.harbinautomotive.com	2014-12-20 09:56:40.000000	Marietta	Georgia	1J4FA49SX1P301901	Used	2001	Jeep	Wrangler	Sport	SUV	null	null	0.0000	97232	15	Red	null	4.0 L	6 Cyl	Unknown	4WD	Gasoline	1	f	f	f	AM/FM:Cassette:Front Airbags (Driver):Intermittent Wipers:Power Steering:Tachometer:4 Speakers:Airbag Deactivation (Passenger):Door Bin:Front Airbags (Passenger):Front Anti-Roll Bar:Front Bucket Seats:Rear Anti-Roll Bar:Rollover Protection Bars:Skid Plate
268675139	visit alternatives	market report view	http://www.harbinautomotive.com/used-cars-scottsboro-al?page=2	www.harbinautomotive.com	2014-12-26 00:36:36.000000	Herndon	Virginia	1J4FA49SX1P301901	Used	2001	Jeep	Wrangler	Sport	SUV	null	null	0.0000	97232	15	Red	null	4.0 L	6 Cyl	Unknown	4WD	Gasoline	1	f	f	f	AM/FM:Cassette:Front Airbags (Driver):Intermittent Wipers:Power Steering:Tachometer:4 Speakers:Airbag Deactivation (Passenger):Door Bin:Front Airbags (Passenger):Front Anti-Roll Bar:Front Bucket Seats:Rear Anti-Roll Bar:Rollover Protection Bars:Skid Plate
268520001	visit badges	market report view	http://www.harbinautomotive.com/vehicle-details/2001-jeep-wrangler-sport-scottsboro-al-id-7835851	www.harbinautomotive.com	2015-01-12 20:49:37.000000	Sylvania	Alabama	1J4FA49SX1P301901	Used	2001	Jeep	Wrangler	Sport	SUV	null	null	0.0000	97232	15	Red	null	4.0 L	6 Cyl	Unknown	4WD	Gasoline	1	f	f	f	AM/FM:Cassette:Front Airbags (Driver):Intermittent Wipers:Power Steering:Tachometer:4 Speakers:Airbag Deactivation (Passenger):Door Bin:Front Airbags (Passenger):Front Anti-Roll Bar:Front Bucket Seats:Rear Anti-Roll Bar:Rollover Protection Bars:Skid Plate
268621717	visit badges	market report view	http://www.harbinautomotive.com/vehicle-details/2001-jeep-wrangler-sport-scottsboro-al-id-7835851	www.harbinautomotive.com	2014-12-20 09:56:13.000000	Marietta	Georgia	1J4FA49SX1P301901	Used	2001	Jeep	Wrangler	Sport	SUV	null	null	0.0000	97232	15	Red	null	4.0 L	6 Cyl	Unknown	4WD	Gasoline	1	f	f	f	AM/FM:Cassette:Front Airbags (Driver):Intermittent Wipers:Power Steering:Tachometer:4 Speakers:Airbag Deactivation (Passenger):Door Bin:Front Airbags (Passenger):Front Anti-Roll Bar:Front Bucket Seats:Rear Anti-Roll Bar:Rollover Protection Bars:Skid Plate
268675139	click features section	market report view	http://www.harbinautomotive.com/used-cars-scottsboro-al?page=2	www.harbinautomotive.com	2014-12-26 00:37:28.000000	Herndon	Virginia	1J4FA49SX1P301901	Used	2001	Jeep	Wrangler	Sport	SUV	null	null	0.0000	97232	15	Red	null	4.0 L	6 Cyl	Unknown	4WD	Gasoline	1	f	f	f	AM/FM:Cassette:Front Airbags (Driver):Intermittent Wipers:Power Steering:Tachometer:4 Speakers:Airbag Deactivation (Passenger):Door Bin:Front Airbags (Passenger):Front Anti-Roll Bar:Front Bucket Seats:Rear Anti-Roll Bar:Rollover Protection Bars:Skid Plate
269897944	visit vehicle history	market report view	http://www.harbinautomotive.com/vehicle-details/2001-jeep-wrangler-sport-scottsboro-al-id-7835851	www.harbinautomotive.com	2015-01-09 16:39:51.000000	Guin	Alabama	1J4FA49SX1P301901	Used	2001	Jeep	Wrangler	Sport	SUV	null	null	0.0000	97232	15	Red	null	4.0 L	6 Cyl	Unknown	4WD	Gasoline	1	f	f	f	AM/FM:Cassette:Front Airbags (Driver):Intermittent Wipers:Power Steering:Tachometer:4 Speakers:Airbag Deactivation (Passenger):Door Bin:Front Airbags (Passenger):Front Anti-Roll Bar:Front Bucket Seats:Rear Anti-Roll Bar:Rollover Protection Bars:Skid Plate
268675139	click features section	market report view	http://www.harbinautomotive.com/used-cars-scottsboro-al?page=2	www.harbinautomotive.com	2014-12-26 00:37:45.000000	Herndon	Virginia	1J4FA49SX1P301901	Used	2001	Jeep	Wrangler	Sport	SUV	null	null	0.0000	97232	15	Red	null	4.0 L	6 Cyl	Unknown	4WD	Gasoline	1	f	f	f	AM/FM:Cassette:Front Airbags (Driver):Intermittent Wipers:Power Steering:Tachometer:4 Speakers:Airbag Deactivation (Passenger):Door Bin:Front Airbags (Passenger):Front Anti-Roll Bar:Front Bucket Seats:Rear Anti-Roll Bar:Rollover Protection Bars:Skid Plate
268675139	visit vehicle history	market report view	http://www.harbinautomotive.com/used-cars-scottsboro-al?page=2	www.harbinautomotive.com	2014-12-26 00:37:02.000000	Herndon	Virginia	1J4FA49SX1P301901	Used	2001	Jeep	Wrangler	Sport	SUV	null	null	0.0000	97232	15	Red	null	4.0 L	6 Cyl	Unknown	4WD	Gasoline	1	f	f	f	AM/FM:Cassette:Front Airbags (Driver):Intermittent Wipers:Power Steering:Tachometer:4 Speakers:Airbag Deactivation (Passenger):Door Bin:Front Airbags (Passenger):Front Anti-Roll Bar:Front Bucket Seats:Rear Anti-Roll Bar:Rollover Protection Bars:Skid Plate
268520001	click features section	market report view	http://www.harbinautomotive.com/vehicle-details/2001-jeep-wrangler-sport-scottsboro-al-id-7835851	www.harbinautomotive.com	2015-01-12 20:48:46.000000	Sylvania	Alabama	1J4FA49SX1P301901	Used	2001	Jeep	Wrangler	Sport	SUV	null	null	0.0000	97232	15	Red	null	4.0 L	6 Cyl	Unknown	4WD	Gasoline	1	f	f	f	AM/FM:Cassette:Front Airbags (Driver):Intermittent Wipers:Power Steering:Tachometer:4 Speakers:Airbag Deactivation (Passenger):Door Bin:Front Airbags (Passenger):Front Anti-Roll Bar:Front Bucket Seats:Rear Anti-Roll Bar:Rollover Protection Bars:Skid Plate
268675139	click features section	market report view	http://www.harbinautomotive.com/used-cars-scottsboro-al?page=2	www.harbinautomotive.com	2014-12-26 00:37:34.000000	Herndon	Virginia	1J4FA49SX1P301901	Used	2001	Jeep	Wrangler	Sport	SUV	null	null	0.0000	97232	15	Red	null	4.0 L	6 Cyl	Unknown	4WD	Gasoline	1	f	f	f	AM/FM:Cassette:Front Airbags (Driver):Intermittent Wipers:Power Steering:Tachometer:4 Speakers:Airbag Deactivation (Passenger):Door Bin:Front Airbags (Passenger):Front Anti-Roll Bar:Front Bucket Seats:Rear Anti-Roll Bar:Rollover Protection Bars:Skid Plate
268520001	visit badges	market report view	http://www.harbinautomotive.com/vehicle-details/2001-jeep-wrangler-sport-scottsboro-al-id-7835851?form-action=success-getAQuoteResponsive2	www.harbinautomotive.com	2015-01-12 20:21:30.000000	Sylvania	Alabama	1J4FA49SX1P301901	Used	2001	Jeep	Wrangler	Sport	SUV	null	null	0.0000	97232	15	Red	null	4.0 L	6 Cyl	Unknown	4WD	Gasoline	1	f	f	f	AM/FM:Cassette:Front Airbags (Driver):Intermittent Wipers:Power Steering:Tachometer:4 Speakers:Airbag Deactivation (Passenger):Door Bin:Front Airbags (Passenger):Front Anti-Roll Bar:Front Bucket Seats:Rear Anti-Roll Bar:Rollover Protection Bars:Skid Plate
269897944	visit vehicle history	market report view	http://www.harbinautomotive.com/vehicle-details/2001-jeep-wrangler-sport-scottsboro-al-id-7835851	www.harbinautomotive.com	2015-01-09 16:39:16.000000	Guin	Alabama	1J4FA49SX1P301901	Used	2001	Jeep	Wrangler	Sport	SUV	null	null	0.0000	97232	15	Red	null	4.0 L	6 Cyl	Unknown	4WD	Gasoline	1	f	f	f	AM/FM:Cassette:Front Airbags (Driver):Intermittent Wipers:Power Steering:Tachometer:4 Speakers:Airbag Deactivation (Passenger):Door Bin:Front Airbags (Passenger):Front Anti-Roll Bar:Front Bucket Seats:Rear Anti-Roll Bar:Rollover Protection Bars:Skid Plate
268520001	visit alternatives	market report view	http://www.harbinautomotive.com/vehicle-details/2001-jeep-wrangler-sport-scottsboro-al-id-7835851	www.harbinautomotive.com	2015-01-12 20:49:08.000000	Sylvania	Alabama	1J4FA49SX1P301901	Used	2001	Jeep	Wrangler	Sport	SUV	null	null	0.0000	97232	15	Red	null	4.0 L	6 Cyl	Unknown	4WD	Gasoline	1	f	f	f	AM/FM:Cassette:Front Airbags (Driver):Intermittent Wipers:Power Steering:Tachometer:4 Speakers:Airbag Deactivation (Passenger):Door Bin:Front Airbags (Passenger):Front Anti-Roll Bar:Front Bucket Seats:Rear Anti-Roll Bar:Rollover Protection Bars:Skid Plate
268600646	click vehicle history report link	market report view	http://www.harbinautomotive.com/vehicle-details/2001-jeep-wrangler-sport-scottsboro-al-id-7835851	www.harbinautomotive.com	2014-12-18 17:50:41.000000	Marietta	Georgia	1J4FA49SX1P301901	Used	2001	Jeep	Wrangler	Sport	SUV	null	null	0.0000	97232	15	Red	null	4.0 L	6 Cyl	Unknown	4WD	Gasoline	1	f	f	f	AM/FM:Cassette:Front Airbags (Driver):Intermittent Wipers:Power Steering:Tachometer:4 Speakers:Airbag Deactivation (Passenger):Door Bin:Front Airbags (Passenger):Front Anti-Roll Bar:Front Bucket Seats:Rear Anti-Roll Bar:Rollover Protection Bars:Skid Plate
269897944	visit badges	market report view	http://www.harbinautomotive.com/vehicle-details/2001-jeep-wrangler-sport-scottsboro-al-id-7835851	www.harbinautomotive.com	2015-01-09 16:39:53.000000	Guin	Alabama	1J4FA49SX1P301901	Used	2001	Jeep	Wrangler	Sport	SUV	null	null	0.0000	97232	15	Red	null	4.0 L	6 Cyl	Unknown	4WD	Gasoline	1	f	f	f	AM/FM:Cassette:Front Airbags (Driver):Intermittent Wipers:Power Steering:Tachometer:4 Speakers:Airbag Deactivation (Passenger):Door Bin:Front Airbags (Passenger):Front Anti-Roll Bar:Front Bucket Seats:Rear Anti-Roll Bar:Rollover Protection Bars:Skid Plate
268675139	show photo modal	market report view	http://www.harbinautomotive.com/used-cars-scottsboro-al?page=2	www.harbinautomotive.com	2014-12-26 00:41:38.000000	Herndon	Virginia	1J4FA49SX1P301901	Used	2001	Jeep	Wrangler	Sport	SUV	null	null	0.0000	97232	15	Red	null	4.0 L	6 Cyl	Unknown	4WD	Gasoline	1	f	f	f	AM/FM:Cassette:Front Airbags (Driver):Intermittent Wipers:Power Steering:Tachometer:4 Speakers:Airbag Deactivation (Passenger):Door Bin:Front Airbags (Passenger):Front Anti-Roll Bar:Front Bucket Seats:Rear Anti-Roll Bar:Rollover Protection Bars:Skid Plate
268621717	click vehicle history report link	market report view	http://www.harbinautomotive.com/vehicle-details/2001-jeep-wrangler-sport-scottsboro-al-id-7835851	www.harbinautomotive.com	2014-12-20 09:56:16.000000	Marietta	Georgia	1J4FA49SX1P301901	Used	2001	Jeep	Wrangler	Sport	SUV	null	null	0.0000	97232	15	Red	null	4.0 L	6 Cyl	Unknown	4WD	Gasoline	1	f	f	f	AM/FM:Cassette:Front Airbags (Driver):Intermittent Wipers:Power Steering:Tachometer:4 Speakers:Airbag Deactivation (Passenger):Door Bin:Front Airbags (Passenger):Front Anti-Roll Bar:Front Bucket Seats:Rear Anti-Roll Bar:Rollover Protection Bars:Skid Plate
268520001	visit_market_report_listing	market report view	http://www.harbinautomotive.com/vehicle-details/2001-jeep-wrangler-sport-scottsboro-al-id-7835851?form-action=success-getAQuoteResponsive2	www.harbinautomotive.com	2015-01-12 20:21:01.000000	Sylvania	Alabama	1J4FA49SX1P301901	Used	2001	Jeep	Wrangler	Sport	SUV	null	null	0.0000	97232	15	Red	null	4.0 L	6 Cyl	Unknown	4WD	Gasoline	1	f	f	f	AM/FM:Cassette:Front Airbags (Driver):Intermittent Wipers:Power Steering:Tachometer:4 Speakers:Airbag Deactivation (Passenger):Door Bin:Front Airbags (Passenger):Front Anti-Roll Bar:Front Bucket Seats:Rear Anti-Roll Bar:Rollover Protection Bars:Skid Plate
268520001	click features section	market report view	http://www.harbinautomotive.com/vehicle-details/2001-jeep-wrangler-sport-scottsboro-al-id-7835851	www.harbinautomotive.com	2015-01-12 20:49:09.000000	Sylvania	Alabama	1J4FA49SX1P301901	Used	2001	Jeep	Wrangler	Sport	SUV	null	null	0.0000	97232	15	Red	null	4.0 L	6 Cyl	Unknown	4WD	Gasoline	1	f	f	f	AM/FM:Cassette:Front Airbags (Driver):Intermittent Wipers:Power Steering:Tachometer:4 Speakers:Airbag Deactivation (Passenger):Door Bin:Front Airbags (Passenger):Front Anti-Roll Bar:Front Bucket Seats:Rear Anti-Roll Bar:Rollover Protection Bars:Skid Plate
268675139	visit features	market report view	http://www.harbinautomotive.com/used-cars-scottsboro-al?page=2	www.harbinautomotive.com	2014-12-26 00:35:58.000000	Herndon	Virginia	1J4FA49SX1P301901	Used	2001	Jeep	Wrangler	Sport	SUV	null	null	0.0000	97232	15	Red	null	4.0 L	6 Cyl	Unknown	4WD	Gasoline	1	f	f	f	AM/FM:Cassette:Front Airbags (Driver):Intermittent Wipers:Power Steering:Tachometer:4 Speakers:Airbag Deactivation (Passenger):Door Bin:Front Airbags (Passenger):Front Anti-Roll Bar:Front Bucket Seats:Rear Anti-Roll Bar:Rollover Protection Bars:Skid Plate
268520001	click features section	market report view	http://www.harbinautomotive.com/vehicle-details/2001-jeep-wrangler-sport-scottsboro-al-id-7835851	www.harbinautomotive.com	2015-01-12 20:49:26.000000	Sylvania	Alabama	1J4FA49SX1P301901	Used	2001	Jeep	Wrangler	Sport	SUV	null	null	0.0000	97232	15	Red	null	4.0 L	6 Cyl	Unknown	4WD	Gasoline	1	f	f	f	AM/FM:Cassette:Front Airbags (Driver):Intermittent Wipers:Power Steering:Tachometer:4 Speakers:Airbag Deactivation (Passenger):Door Bin:Front Airbags (Passenger):Front Anti-Roll Bar:Front Bucket Seats:Rear Anti-Roll Bar:Rollover Protection Bars:Skid Plate
268520001	visit features	market report view	http://www.harbinautomotive.com/vehicle-details/2001-jeep-wrangler-sport-scottsboro-al-id-7835851	www.harbinautomotive.com	2015-01-12 20:48:44.000000	Sylvania	Alabama	1J4FA49SX1P301901	Used	2001	Jeep	Wrangler	Sport	SUV	null	null	0.0000	97232	15	Red	null	4.0 L	6 Cyl	Unknown	4WD	Gasoline	1	f	f	f	AM/FM:Cassette:Front Airbags (Driver):Intermittent Wipers:Power Steering:Tachometer:4 Speakers:Airbag Deactivation (Passenger):Door Bin:Front Airbags (Passenger):Front Anti-Roll Bar:Front Bucket Seats:Rear Anti-Roll Bar:Rollover Protection Bars:Skid Plate
268675139	visit alternatives	market report view	http://www.harbinautomotive.com/used-cars-scottsboro-al?page=2	www.harbinautomotive.com	2014-12-26 00:37:22.000000	Herndon	Virginia	1J4FA49SX1P301901	Used	2001	Jeep	Wrangler	Sport	SUV	null	null	0.0000	97232	15	Red	null	4.0 L	6 Cyl	Unknown	4WD	Gasoline	1	f	f	f	AM/FM:Cassette:Front Airbags (Driver):Intermittent Wipers:Power Steering:Tachometer:4 Speakers:Airbag Deactivation (Passenger):Door Bin:Front Airbags (Passenger):Front Anti-Roll Bar:Front Bucket Seats:Rear Anti-Roll Bar:Rollover Protection Bars:Skid Plate
268520001	visit features	market report view	http://www.harbinautomotive.com/vehicle-details/2001-jeep-wrangler-sport-scottsboro-al-id-7835851	www.harbinautomotive.com	2015-01-12 20:49:25.000000	Sylvania	Alabama	1J4FA49SX1P301901	Used	2001	Jeep	Wrangler	Sport	SUV	null	null	0.0000	97232	15	Red	null	4.0 L	6 Cyl	Unknown	4WD	Gasoline	1	f	f	f	AM/FM:Cassette:Front Airbags (Driver):Intermittent Wipers:Power Steering:Tachometer:4 Speakers:Airbag Deactivation (Passenger):Door Bin:Front Airbags (Passenger):Front Anti-Roll Bar:Front Bucket Seats:Rear Anti-Roll Bar:Rollover Protection Bars:Skid Plate
268675139	visit features	market report view	http://www.harbinautomotive.com/used-cars-scottsboro-al?page=2	www.harbinautomotive.com	2014-12-26 00:45:48.000000	Herndon	Virginia	1J4FA49SX1P301901	Used	2001	Jeep	Wrangler	Sport	SUV	null	null	0.0000	97232	15	Red	null	4.0 L	6 Cyl	Unknown	4WD	Gasoline	1	f	f	f	AM/FM:Cassette:Front Airbags (Driver):Intermittent Wipers:Power Steering:Tachometer:4 Speakers:Airbag Deactivation (Passenger):Door Bin:Front Airbags (Passenger):Front Anti-Roll Bar:Front Bucket Seats:Rear Anti-Roll Bar:Rollover Protection Bars:Skid Plate
268675139	visit contact form	market report view	http://www.harbinautomotive.com/used-cars-scottsboro-al?page=2	www.harbinautomotive.com	2014-12-26 00:45:41.000000	Herndon	Virginia	1J4FA49SX1P301901	Used	2001	Jeep	Wrangler	Sport	SUV	null	null	0.0000	97232	15	Red	null	4.0 L	6 Cyl	Unknown	4WD	Gasoline	1	f	f	f	AM/FM:Cassette:Front Airbags (Driver):Intermittent Wipers:Power Steering:Tachometer:4 Speakers:Airbag Deactivation (Passenger):Door Bin:Front Airbags (Passenger):Front Anti-Roll Bar:Front Bucket Seats:Rear Anti-Roll Bar:Rollover Protection Bars:Skid Plate
268675139	visit features	market report view	http://www.harbinautomotive.com/used-cars-scottsboro-al?page=2	www.harbinautomotive.com	2014-12-26 00:36:37.000000	Herndon	Virginia	1J4FA49SX1P301901	Used	2001	Jeep	Wrangler	Sport	SUV	null	null	0.0000	97232	15	Red	null	4.0 L	6 Cyl	Unknown	4WD	Gasoline	1	f	f	f	AM/FM:Cassette:Front Airbags (Driver):Intermittent Wipers:Power Steering:Tachometer:4 Speakers:Airbag Deactivation (Passenger):Door Bin:Front Airbags (Passenger):Front Anti-Roll Bar:Front Bucket Seats:Rear Anti-Roll Bar:Rollover Protection Bars:Skid Plate
268675139	visit features	market report view	http://www.harbinautomotive.com/used-cars-scottsboro-al?page=2	www.harbinautomotive.com	2014-12-26 00:37:06.000000	Herndon	Virginia	1J4FA49SX1P301901	Used	2001	Jeep	Wrangler	Sport	SUV	null	null	0.0000	97232	15	Red	null	4.0 L	6 Cyl	Unknown	4WD	Gasoline	1	f	f	f	AM/FM:Cassette:Front Airbags (Driver):Intermittent Wipers:Power Steering:Tachometer:4 Speakers:Airbag Deactivation (Passenger):Door Bin:Front Airbags (Passenger):Front Anti-Roll Bar:Front Bucket Seats:Rear Anti-Roll Bar:Rollover Protection Bars:Skid Plate
268675139	visit vehicle history	market report view	http://www.harbinautomotive.com/used-cars-scottsboro-al?page=2	www.harbinautomotive.com	2014-12-26 00:45:49.000000	Herndon	Virginia	1J4FA49SX1P301901	Used	2001	Jeep	Wrangler	Sport	SUV	null	null	0.0000	97232	15	Red	null	4.0 L	6 Cyl	Unknown	4WD	Gasoline	1	f	f	f	AM/FM:Cassette:Front Airbags (Driver):Intermittent Wipers:Power Steering:Tachometer:4 Speakers:Airbag Deactivation (Passenger):Door Bin:Front Airbags (Passenger):Front Anti-Roll Bar:Front Bucket Seats:Rear Anti-Roll Bar:Rollover Protection Bars:Skid Plate
268520001	click features section	market report view	http://www.harbinautomotive.com/vehicle-details/2001-jeep-wrangler-sport-scottsboro-al-id-7835851	www.harbinautomotive.com	2015-01-12 20:48:49.000000	Sylvania	Alabama	1J4FA49SX1P301901	Used	2001	Jeep	Wrangler	Sport	SUV	null	null	0.0000	97232	15	Red	null	4.0 L	6 Cyl	Unknown	4WD	Gasoline	1	f	f	f	AM/FM:Cassette:Front Airbags (Driver):Intermittent Wipers:Power Steering:Tachometer:4 Speakers:Airbag Deactivation (Passenger):Door Bin:Front Airbags (Passenger):Front Anti-Roll Bar:Front Bucket Seats:Rear Anti-Roll Bar:Rollover Protection Bars:Skid Plate
268520001	visit badges	market report view	http://www.harbinautomotive.com/vehicle-details/2001-jeep-wrangler-sport-scottsboro-al-id-7835851?form-action=success-getAQuoteResponsive2	www.harbinautomotive.com	2015-01-12 20:21:03.000000	Sylvania	Alabama	1J4FA49SX1P301901	Used	2001	Jeep	Wrangler	Sport	SUV	null	null	0.0000	97232	15	Red	null	4.0 L	6 Cyl	Unknown	4WD	Gasoline	1	f	f	f	AM/FM:Cassette:Front Airbags (Driver):Intermittent Wipers:Power Steering:Tachometer:4 Speakers:Airbag Deactivation (Passenger):Door Bin:Front Airbags (Passenger):Front Anti-Roll Bar:Front Bucket Seats:Rear Anti-Roll Bar:Rollover Protection Bars:Skid Plate
268675139	visit contact form	market report view	http://www.harbinautomotive.com/used-cars-scottsboro-al?page=2	www.harbinautomotive.com	2014-12-26 00:34:17.000000	Herndon	Virginia	1J4FA49SX1P301901	Used	2001	Jeep	Wrangler	Sport	SUV	null	null	0.0000	97232	15	Red	null	4.0 L	6 Cyl	Unknown	4WD	Gasoline	1	f	f	f	AM/FM:Cassette:Front Airbags (Driver):Intermittent Wipers:Power Steering:Tachometer:4 Speakers:Airbag Deactivation (Passenger):Door Bin:Front Airbags (Passenger):Front Anti-Roll Bar:Front Bucket Seats:Rear Anti-Roll Bar:Rollover Protection Bars:Skid Plate
268675139	visit badges	market report view	http://www.harbinautomotive.com/used-cars-scottsboro-al?page=2	www.harbinautomotive.com	2014-12-26 00:36:39.000000	Herndon	Virginia	1J4FA49SX1P301901	Used	2001	Jeep	Wrangler	Sport	SUV	null	null	0.0000	97232	15	Red	null	4.0 L	6 Cyl	Unknown	4WD	Gasoline	1	f	f	f	AM/FM:Cassette:Front Airbags (Driver):Intermittent Wipers:Power Steering:Tachometer:4 Speakers:Airbag Deactivation (Passenger):Door Bin:Front Airbags (Passenger):Front Anti-Roll Bar:Front Bucket Seats:Rear Anti-Roll Bar:Rollover Protection Bars:Skid Plate
268675139	show photo modal	market report view	http://www.harbinautomotive.com/used-cars-scottsboro-al?page=2	www.harbinautomotive.com	2014-12-26 00:34:54.000000	Herndon	Virginia	1J4FA49SX1P301901	Used	2001	Jeep	Wrangler	Sport	SUV	null	null	0.0000	97232	15	Red	null	4.0 L	6 Cyl	Unknown	4WD	Gasoline	1	f	f	f	AM/FM:Cassette:Front Airbags (Driver):Intermittent Wipers:Power Steering:Tachometer:4 Speakers:Airbag Deactivation (Passenger):Door Bin:Front Airbags (Passenger):Front Anti-Roll Bar:Front Bucket Seats:Rear Anti-Roll Bar:Rollover Protection Bars:Skid Plate
268520001	visit_market_report_listing	market report view	http://www.harbinautomotive.com/vehicle-details/2001-jeep-wrangler-sport-scottsboro-al-id-7835851	www.harbinautomotive.com	2015-01-12 20:47:39.000000	Sylvania	Alabama	1J4FA49SX1P301901	Used	2001	Jeep	Wrangler	Sport	SUV	null	null	0.0000	97232	15	Red	null	4.0 L	6 Cyl	Unknown	4WD	Gasoline	1	f	f	f	AM/FM:Cassette:Front Airbags (Driver):Intermittent Wipers:Power Steering:Tachometer:4 Speakers:Airbag Deactivation (Passenger):Door Bin:Front Airbags (Passenger):Front Anti-Roll Bar:Front Bucket Seats:Rear Anti-Roll Bar:Rollover Protection Bars:Skid Plate
268520001	visit vehicle history	market report view	http://www.harbinautomotive.com/vehicle-details/2001-jeep-wrangler-sport-scottsboro-al-id-7835851	www.harbinautomotive.com	2015-01-12 20:49:28.000000	Sylvania	Alabama	1J4FA49SX1P301901	Used	2001	Jeep	Wrangler	Sport	SUV	null	null	0.0000	97232	15	Red	null	4.0 L	6 Cyl	Unknown	4WD	Gasoline	1	f	f	f	AM/FM:Cassette:Front Airbags (Driver):Intermittent Wipers:Power Steering:Tachometer:4 Speakers:Airbag Deactivation (Passenger):Door Bin:Front Airbags (Passenger):Front Anti-Roll Bar:Front Bucket Seats:Rear Anti-Roll Bar:Rollover Protection Bars:Skid Plate
268675139	visit badges	market report view	http://www.harbinautomotive.com/used-cars-scottsboro-al?page=2	www.harbinautomotive.com	2014-12-26 00:35:49.000000	Herndon	Virginia	1J4FA49SX1P301901	Used	2001	Jeep	Wrangler	Sport	SUV	null	null	0.0000	97232	15	Red	null	4.0 L	6 Cyl	Unknown	4WD	Gasoline	1	f	f	f	AM/FM:Cassette:Front Airbags (Driver):Intermittent Wipers:Power Steering:Tachometer:4 Speakers:Airbag Deactivation (Passenger):Door Bin:Front Airbags (Passenger):Front Anti-Roll Bar:Front Bucket Seats:Rear Anti-Roll Bar:Rollover Protection Bars:Skid Plate
268675139	visit features	market report view	http://www.harbinautomotive.com/used-cars-scottsboro-al?page=2	www.harbinautomotive.com	2014-12-26 00:34:16.000000	Herndon	Virginia	1J4FA49SX1P301901	Used	2001	Jeep	Wrangler	Sport	SUV	null	null	0.0000	97232	15	Red	null	4.0 L	6 Cyl	Unknown	4WD	Gasoline	1	f	f	f	AM/FM:Cassette:Front Airbags (Driver):Intermittent Wipers:Power Steering:Tachometer:4 Speakers:Airbag Deactivation (Passenger):Door Bin:Front Airbags (Passenger):Front Anti-Roll Bar:Front Bucket Seats:Rear Anti-Roll Bar:Rollover Protection Bars:Skid Plate
268675139	visit_market_report_listing	market report view	http://www.harbinautomotive.com/used-cars-scottsboro-al?page=2	www.harbinautomotive.com	2014-12-26 00:34:03.000000	Herndon	Virginia	1J4FA49SX1P301901	Used	2001	Jeep	Wrangler	Sport	SUV	null	null	0.0000	97232	15	Red	null	4.0 L	6 Cyl	Unknown	4WD	Gasoline	1	f	f	f	AM/FM:Cassette:Front Airbags (Driver):Intermittent Wipers:Power Steering:Tachometer:4 Speakers:Airbag Deactivation (Passenger):Door Bin:Front Airbags (Passenger):Front Anti-Roll Bar:Front Bucket Seats:Rear Anti-Roll Bar:Rollover Protection Bars:Skid Plate
268675139	visit features	market report view	http://www.harbinautomotive.com/used-cars-scottsboro-al?page=2	www.harbinautomotive.com	2014-12-26 00:39:13.000000	Herndon	Virginia	1J4FA49SX1P301901	Used	2001	Jeep	Wrangler	Sport	SUV	null	null	0.0000	97232	15	Red	null	4.0 L	6 Cyl	Unknown	4WD	Gasoline	1	f	f	f	AM/FM:Cassette:Front Airbags (Driver):Intermittent Wipers:Power Steering:Tachometer:4 Speakers:Airbag Deactivation (Passenger):Door Bin:Front Airbags (Passenger):Front Anti-Roll Bar:Front Bucket Seats:Rear Anti-Roll Bar:Rollover Protection Bars:Skid Plate
268600646	visit_market_report_listing	market report view	http://www.harbinautomotive.com/vehicle-details/2001-jeep-wrangler-sport-scottsboro-al-id-7835851	www.harbinautomotive.com	2014-12-18 17:50:27.000000	Marietta	Georgia	1J4FA49SX1P301901	Used	2001	Jeep	Wrangler	Sport	SUV	null	null	0.0000	97232	15	Red	null	4.0 L	6 Cyl	Unknown	4WD	Gasoline	1	f	f	f	AM/FM:Cassette:Front Airbags (Driver):Intermittent Wipers:Power Steering:Tachometer:4 Speakers:Airbag Deactivation (Passenger):Door Bin:Front Airbags (Passenger):Front Anti-Roll Bar:Front Bucket Seats:Rear Anti-Roll Bar:Rollover Protection Bars:Skid Plate
268675139	visit contact form	market report view	http://www.harbinautomotive.com/used-cars-scottsboro-al?page=2	www.harbinautomotive.com	2014-12-26 00:36:00.000000	Herndon	Virginia	1J4FA49SX1P301901	Used	2001	Jeep	Wrangler	Sport	SUV	null	null	0.0000	97232	15	Red	null	4.0 L	6 Cyl	Unknown	4WD	Gasoline	1	f	f	f	AM/FM:Cassette:Front Airbags (Driver):Intermittent Wipers:Power Steering:Tachometer:4 Speakers:Airbag Deactivation (Passenger):Door Bin:Front Airbags (Passenger):Front Anti-Roll Bar:Front Bucket Seats:Rear Anti-Roll Bar:Rollover Protection Bars:Skid Plate
269897944	visit alternatives	market report view	http://www.harbinautomotive.com/vehicle-details/2001-jeep-wrangler-sport-scottsboro-al-id-7835851	www.harbinautomotive.com	2015-01-09 16:39:33.000000	Guin	Alabama	1J4FA49SX1P301901	Used	2001	Jeep	Wrangler	Sport	SUV	null	null	0.0000	97232	15	Red	null	4.0 L	6 Cyl	Unknown	4WD	Gasoline	1	f	f	f	AM/FM:Cassette:Front Airbags (Driver):Intermittent Wipers:Power Steering:Tachometer:4 Speakers:Airbag Deactivation (Passenger):Door Bin:Front Airbags (Passenger):Front Anti-Roll Bar:Front Bucket Seats:Rear Anti-Roll Bar:Rollover Protection Bars:Skid Plate
269897944	visit badges	market report view	http://www.harbinautomotive.com/vehicle-details/2001-jeep-wrangler-sport-scottsboro-al-id-7835851	www.harbinautomotive.com	2015-01-09 16:39:00.000000	Guin	Alabama	1J4FA49SX1P301901	Used	2001	Jeep	Wrangler	Sport	SUV	null	null	0.0000	97232	15	Red	null	4.0 L	6 Cyl	Unknown	4WD	Gasoline	1	f	f	f	AM/FM:Cassette:Front Airbags (Driver):Intermittent Wipers:Power Steering:Tachometer:4 Speakers:Airbag Deactivation (Passenger):Door Bin:Front Airbags (Passenger):Front Anti-Roll Bar:Front Bucket Seats:Rear Anti-Roll Bar:Rollover Protection Bars:Skid Plate
268675139	visit alternatives	market report view	http://www.harbinautomotive.com/used-cars-scottsboro-al?page=2	www.harbinautomotive.com	2014-12-26 00:36:34.000000	Herndon	Virginia	1J4FA49SX1P301901	Used	2001	Jeep	Wrangler	Sport	SUV	null	null	0.0000	97232	15	Red	null	4.0 L	6 Cyl	Unknown	4WD	Gasoline	1	f	f	f	AM/FM:Cassette:Front Airbags (Driver):Intermittent Wipers:Power Steering:Tachometer:4 Speakers:Airbag Deactivation (Passenger):Door Bin:Front Airbags (Passenger):Front Anti-Roll Bar:Front Bucket Seats:Rear Anti-Roll Bar:Rollover Protection Bars:Skid Plate
268675139	show photo modal	market report view	http://www.harbinautomotive.com/used-cars-scottsboro-al?page=2	www.harbinautomotive.com	2014-12-26 00:41:38.000000	Herndon	Virginia	1J4FA49SX1P301901	Used	2001	Jeep	Wrangler	Sport	SUV	null	null	0.0000	97232	15	Red	null	4.0 L	6 Cyl	Unknown	4WD	Gasoline	1	f	f	f	AM/FM:Cassette:Front Airbags (Driver):Intermittent Wipers:Power Steering:Tachometer:4 Speakers:Airbag Deactivation (Passenger):Door Bin:Front Airbags (Passenger):Front Anti-Roll Bar:Front Bucket Seats:Rear Anti-Roll Bar:Rollover Protection Bars:Skid Plate
268621717	visit_market_report_listing	market report view	http://www.harbinautomotive.com/vehicle-details/2001-jeep-wrangler-sport-scottsboro-al-id-7835851	www.harbinautomotive.com	2014-12-20 09:56:10.000000	Marietta	Georgia	1J4FA49SX1P301901	Used	2001	Jeep	Wrangler	Sport	SUV	null	null	0.0000	97232	15	Red	null	4.0 L	6 Cyl	Unknown	4WD	Gasoline	1	f	f	f	AM/FM:Cassette:Front Airbags (Driver):Intermittent Wipers:Power Steering:Tachometer:4 Speakers:Airbag Deactivation (Passenger):Door Bin:Front Airbags (Passenger):Front Anti-Roll Bar:Front Bucket Seats:Rear Anti-Roll Bar:Rollover Protection Bars:Skid Plate
268675139	visit alternatives	market report view	http://www.harbinautomotive.com/used-cars-scottsboro-al?page=2	www.harbinautomotive.com	2014-12-26 00:36:00.000000	Herndon	Virginia	1J4FA49SX1P301901	Used	2001	Jeep	Wrangler	Sport	SUV	null	null	0.0000	97232	15	Red	null	4.0 L	6 Cyl	Unknown	4WD	Gasoline	1	f	f	f	AM/FM:Cassette:Front Airbags (Driver):Intermittent Wipers:Power Steering:Tachometer:4 Speakers:Airbag Deactivation (Passenger):Door Bin:Front Airbags (Passenger):Front Anti-Roll Bar:Front Bucket Seats:Rear Anti-Roll Bar:Rollover Protection Bars:Skid Plate
268520001	visit contact form	market report view	http://www.harbinautomotive.com/vehicle-details/2001-jeep-wrangler-sport-scottsboro-al-id-7835851	www.harbinautomotive.com	2015-01-12 20:48:32.000000	Sylvania	Alabama	1J4FA49SX1P301901	Used	2001	Jeep	Wrangler	Sport	SUV	null	null	0.0000	97232	15	Red	null	4.0 L	6 Cyl	Unknown	4WD	Gasoline	1	f	f	f	AM/FM:Cassette:Front Airbags (Driver):Intermittent Wipers:Power Steering:Tachometer:4 Speakers:Airbag Deactivation (Passenger):Door Bin:Front Airbags (Passenger):Front Anti-Roll Bar:Front Bucket Seats:Rear Anti-Roll Bar:Rollover Protection Bars:Skid Plate
268675139	click features section	market report view	http://www.harbinautomotive.com/used-cars-scottsboro-al?page=2	www.harbinautomotive.com	2014-12-26 00:37:40.000000	Herndon	Virginia	1J4FA49SX1P301901	Used	2001	Jeep	Wrangler	Sport	SUV	null	null	0.0000	97232	15	Red	null	4.0 L	6 Cyl	Unknown	4WD	Gasoline	1	f	f	f	AM/FM:Cassette:Front Airbags (Driver):Intermittent Wipers:Power Steering:Tachometer:4 Speakers:Airbag Deactivation (Passenger):Door Bin:Front Airbags (Passenger):Front Anti-Roll Bar:Front Bucket Seats:Rear Anti-Roll Bar:Rollover Protection Bars:Skid Plate
269903828	show badge detail	market report view	http://www.kellyvw.net/used-inventory/index.htm	www.kellyvw.net	2015-01-12 08:33:21.000000	null	null	3VWBP7AJ5CM041596	Used	2012	Volkswagen	Jetta	SE	Sedan	Convenience	null	15988.0000	45059	26	Gray	Black	2.5 L	5 Cyl	Manual	FWD	Gasoline	1	f	f	f	4-Wheel Disc Brakes:AM/FM:Adjustable Steering Wheel:Air Conditioning:Alloy Wheels:Anti-lock Brakes:Anti-theft System:CD (Multi Disc):Child Safety Locks:Cruise Control:Daytime Running Lights:Emergency Trunk Release:Floor Mats:Front Airbags (Driver):Handsfree/Bluetooth Integration:Heated Mirrors:Heated Seats:Intermittent Wipers:Keyless Entry:Leather Steering Wheel:MP3:Partial Zero Emissions Vehicle:Pass-through Rear Seat:Power Locks:Power Mirrors:Power Steering:Power Windows:Rear Window Defroster:Satellite Radio:Steering Wheel Controls:Sun/Moonroof:Tire Pressure Monitoring System:Vanity Mirror/Light:iPod Adapter:All-Season Tires:All-Season Tires (Front):All-Season Tires (Rear):Bucket Seats:Front Airbags (Passenger):Overhead Airbag:Side Airbag:Stability Control:Turn Signal Mirrors
269903828	visit_market_report_listing	market report view	http://www.kellyvw.net/used-inventory/index.htm	www.kellyvw.net	2015-01-12 08:33:10.000000	null	null	3VWBP7AJ5CM041596	Used	2012	Volkswagen	Jetta	SE	Sedan	Convenience	null	15988.0000	45059	26	Gray	Black	2.5 L	5 Cyl	Manual	FWD	Gasoline	1	f	f	f	4-Wheel Disc Brakes:AM/FM:Adjustable Steering Wheel:Air Conditioning:Alloy Wheels:Anti-lock Brakes:Anti-theft System:CD (Multi Disc):Child Safety Locks:Cruise Control:Daytime Running Lights:Emergency Trunk Release:Floor Mats:Front Airbags (Driver):Handsfree/Bluetooth Integration:Heated Mirrors:Heated Seats:Intermittent Wipers:Keyless Entry:Leather Steering Wheel:MP3:Partial Zero Emissions Vehicle:Pass-through Rear Seat:Power Locks:Power Mirrors:Power Steering:Power Windows:Rear Window Defroster:Satellite Radio:Steering Wheel Controls:Sun/Moonroof:Tire Pressure Monitoring System:Vanity Mirror/Light:iPod Adapter:All-Season Tires:All-Season Tires (Front):All-Season Tires (Rear):Bucket Seats:Front Airbags (Passenger):Overhead Airbag:Side Airbag:Stability Control:Turn Signal Mirrors
268417056	visit vehicle history	market report view	http://www.kellyinfiniti.com/used-inventory/index.htm?listingConfigId=auto-used&compositeType=&year=&make=Subaru&trim=&bodyStyle=&odometer=&internetPrice=&normalExteriorColor=&normalInteriorColor=&start=0&sort=&facetbrowse=true&searchLinkText=SEARCH&showF	www.kellyinfiniti.com	2014-12-10 21:12:18.000000	Cambridge	Massachusetts	4S4BRBJC7C3286687	Used	2012	Subaru	Outback	2.5i Limited	Wagon	null	null	22998.0000	40122	24	Gray	Black	2.5 L	4 Cyl	Automatic	AWD	Gasoline	0	t	t	f	4-Wheel Disc Brakes:AM/FM:Adjustable Steering Wheel:Air Conditioning:Alloy Wheels:Anti-lock Brakes:Anti-theft System:Auto-dimming Mirror:Automatic Headlights:Child Safety Locks:Cruise Control:Daytime Running Lights:Dual-zone Climate Control:Floor Mats:Fog Lights:Front Airbags (Driver):Handsfree/Bluetooth Integration:Heated Mirrors:Heated Seats:Integrated Garage Door Opener:Intermittent Wipers:Keyless Entry:Leather Seats:Leather Steering Wheel:Luggage Rack:MP3:Partial Zero Emissions Vehicle:Pass-through Rear Seat:Power Locks:Power Mirrors:Power Outlet:Power Seat (Driver):Power Steering:Power Windows:Premium Sound System:Privacy Glass:Reading Lights:Rear-View Camera:Satellite Radio:Spoiler:Steering Wheel Controls:Tire Pressure Monitoring System:Vanity Mirror/Light:iPod Adapter:All-Season Tires:All-Season Tires (Front):All-Season Tires (Rear):Braking Assist:Bucket Seats:Driver Adjustable Lumbar:Front Airbags (Passenger):Leather Trimmed Seats:Power Seat (Passenger):Rear Side Airbags:Side Airbag:Stability Control:Wood Trimmed Interior
268417056	visit alternatives	market report view	http://www.kellyinfiniti.com/used-inventory/index.htm?listingConfigId=auto-used&compositeType=&year=&make=Subaru&trim=&bodyStyle=&odometer=&internetPrice=&normalExteriorColor=&normalInteriorColor=&start=0&sort=&facetbrowse=true&searchLinkText=SEARCH&showF	www.kellyinfiniti.com	2014-12-10 21:13:07.000000	Cambridge	Massachusetts	4S4BRBJC7C3286687	Used	2012	Subaru	Outback	2.5i Limited	Wagon	null	null	22998.0000	40122	24	Gray	Black	2.5 L	4 Cyl	Automatic	AWD	Gasoline	0	t	t	f	4-Wheel Disc Brakes:AM/FM:Adjustable Steering Wheel:Air Conditioning:Alloy Wheels:Anti-lock Brakes:Anti-theft System:Auto-dimming Mirror:Automatic Headlights:Child Safety Locks:Cruise Control:Daytime Running Lights:Dual-zone Climate Control:Floor Mats:Fog Lights:Front Airbags (Driver):Handsfree/Bluetooth Integration:Heated Mirrors:Heated Seats:Integrated Garage Door Opener:Intermittent Wipers:Keyless Entry:Leather Seats:Leather Steering Wheel:Luggage Rack:MP3:Partial Zero Emissions Vehicle:Pass-through Rear Seat:Power Locks:Power Mirrors:Power Outlet:Power Seat (Driver):Power Steering:Power Windows:Premium Sound System:Privacy Glass:Reading Lights:Rear-View Camera:Satellite Radio:Spoiler:Steering Wheel Controls:Tire Pressure Monitoring System:Vanity Mirror/Light:iPod Adapter:All-Season Tires:All-Season Tires (Front):All-Season Tires (Rear):Braking Assist:Bucket Seats:Driver Adjustable Lumbar:Front Airbags (Passenger):Leather Trimmed Seats:Power Seat (Passenger):Rear Side Airbags:Side Airbag:Stability Control:Wood Trimmed Interior
268417056	visit alternatives	market report view	http://www.kellyinfiniti.com/used-inventory/index.htm?listingConfigId=auto-used&compositeType=&year=&make=Subaru&trim=&bodyStyle=&odometer=&internetPrice=&normalExteriorColor=&normalInteriorColor=&start=0&sort=&facetbrowse=true&searchLinkText=SEARCH&showF	www.kellyinfiniti.com	2014-12-10 21:12:19.000000	Cambridge	Massachusetts	4S4BRBJC7C3286687	Used	2012	Subaru	Outback	2.5i Limited	Wagon	null	null	22998.0000	40122	24	Gray	Black	2.5 L	4 Cyl	Automatic	AWD	Gasoline	0	t	t	f	4-Wheel Disc Brakes:AM/FM:Adjustable Steering Wheel:Air Conditioning:Alloy Wheels:Anti-lock Brakes:Anti-theft System:Auto-dimming Mirror:Automatic Headlights:Child Safety Locks:Cruise Control:Daytime Running Lights:Dual-zone Climate Control:Floor Mats:Fog Lights:Front Airbags (Driver):Handsfree/Bluetooth Integration:Heated Mirrors:Heated Seats:Integrated Garage Door Opener:Intermittent Wipers:Keyless Entry:Leather Seats:Leather Steering Wheel:Luggage Rack:MP3:Partial Zero Emissions Vehicle:Pass-through Rear Seat:Power Locks:Power Mirrors:Power Outlet:Power Seat (Driver):Power Steering:Power Windows:Premium Sound System:Privacy Glass:Reading Lights:Rear-View Camera:Satellite Radio:Spoiler:Steering Wheel Controls:Tire Pressure Monitoring System:Vanity Mirror/Light:iPod Adapter:All-Season Tires:All-Season Tires (Front):All-Season Tires (Rear):Braking Assist:Bucket Seats:Driver Adjustable Lumbar:Front Airbags (Passenger):Leather Trimmed Seats:Power Seat (Passenger):Rear Side Airbags:Side Airbag:Stability Control:Wood Trimmed Interior
268417056	visit alternatives	market report view	http://www.kellyinfiniti.com/used-inventory/index.htm?listingConfigId=auto-used&compositeType=&year=&make=Subaru&trim=&bodyStyle=&odometer=&internetPrice=&normalExteriorColor=&normalInteriorColor=&start=0&sort=&facetbrowse=true&searchLinkText=SEARCH&showF	www.kellyinfiniti.com	2014-12-10 21:13:08.000000	Cambridge	Massachusetts	4S4BRBJC7C3286687	Used	2012	Subaru	Outback	2.5i Limited	Wagon	null	null	22998.0000	40122	24	Gray	Black	2.5 L	4 Cyl	Automatic	AWD	Gasoline	0	t	t	f	4-Wheel Disc Brakes:AM/FM:Adjustable Steering Wheel:Air Conditioning:Alloy Wheels:Anti-lock Brakes:Anti-theft System:Auto-dimming Mirror:Automatic Headlights:Child Safety Locks:Cruise Control:Daytime Running Lights:Dual-zone Climate Control:Floor Mats:Fog Lights:Front Airbags (Driver):Handsfree/Bluetooth Integration:Heated Mirrors:Heated Seats:Integrated Garage Door Opener:Intermittent Wipers:Keyless Entry:Leather Seats:Leather Steering Wheel:Luggage Rack:MP3:Partial Zero Emissions Vehicle:Pass-through Rear Seat:Power Locks:Power Mirrors:Power Outlet:Power Seat (Driver):Power Steering:Power Windows:Premium Sound System:Privacy Glass:Reading Lights:Rear-View Camera:Satellite Radio:Spoiler:Steering Wheel Controls:Tire Pressure Monitoring System:Vanity Mirror/Light:iPod Adapter:All-Season Tires:All-Season Tires (Front):All-Season Tires (Rear):Braking Assist:Bucket Seats:Driver Adjustable Lumbar:Front Airbags (Passenger):Leather Trimmed Seats:Power Seat (Passenger):Rear Side Airbags:Side Airbag:Stability Control:Wood Trimmed Interior
268417056	visit contact form	market report view	http://www.kellyinfiniti.com/used-inventory/index.htm?listingConfigId=auto-used&compositeType=&year=&make=Subaru&trim=&bodyStyle=&odometer=&internetPrice=&normalExteriorColor=&normalInteriorColor=&start=0&sort=&facetbrowse=true&searchLinkText=SEARCH&showF	www.kellyinfiniti.com	2014-12-10 21:12:34.000000	Cambridge	Massachusetts	4S4BRBJC7C3286687	Used	2012	Subaru	Outback	2.5i Limited	Wagon	null	null	22998.0000	40122	24	Gray	Black	2.5 L	4 Cyl	Automatic	AWD	Gasoline	0	t	t	f	4-Wheel Disc Brakes:AM/FM:Adjustable Steering Wheel:Air Conditioning:Alloy Wheels:Anti-lock Brakes:Anti-theft System:Auto-dimming Mirror:Automatic Headlights:Child Safety Locks:Cruise Control:Daytime Running Lights:Dual-zone Climate Control:Floor Mats:Fog Lights:Front Airbags (Driver):Handsfree/Bluetooth Integration:Heated Mirrors:Heated Seats:Integrated Garage Door Opener:Intermittent Wipers:Keyless Entry:Leather Seats:Leather Steering Wheel:Luggage Rack:MP3:Partial Zero Emissions Vehicle:Pass-through Rear Seat:Power Locks:Power Mirrors:Power Outlet:Power Seat (Driver):Power Steering:Power Windows:Premium Sound System:Privacy Glass:Reading Lights:Rear-View Camera:Satellite Radio:Spoiler:Steering Wheel Controls:Tire Pressure Monitoring System:Vanity Mirror/Light:iPod Adapter:All-Season Tires:All-Season Tires (Front):All-Season Tires (Rear):Braking Assist:Bucket Seats:Driver Adjustable Lumbar:Front Airbags (Passenger):Leather Trimmed Seats:Power Seat (Passenger):Rear Side Airbags:Side Airbag:Stability Control:Wood Trimmed Interior
268417056	visit features	market report view	http://www.kellyinfiniti.com/used-inventory/index.htm?listingConfigId=auto-used&compositeType=&year=&make=Subaru&trim=&bodyStyle=&odometer=&internetPrice=&normalExteriorColor=&normalInteriorColor=&start=0&sort=&facetbrowse=true&searchLinkText=SEARCH&showF	www.kellyinfiniti.com	2014-12-10 21:13:10.000000	Cambridge	Massachusetts	4S4BRBJC7C3286687	Used	2012	Subaru	Outback	2.5i Limited	Wagon	null	null	22998.0000	40122	24	Gray	Black	2.5 L	4 Cyl	Automatic	AWD	Gasoline	0	t	t	f	4-Wheel Disc Brakes:AM/FM:Adjustable Steering Wheel:Air Conditioning:Alloy Wheels:Anti-lock Brakes:Anti-theft System:Auto-dimming Mirror:Automatic Headlights:Child Safety Locks:Cruise Control:Daytime Running Lights:Dual-zone Climate Control:Floor Mats:Fog Lights:Front Airbags (Driver):Handsfree/Bluetooth Integration:Heated Mirrors:Heated Seats:Integrated Garage Door Opener:Intermittent Wipers:Keyless Entry:Leather Seats:Leather Steering Wheel:Luggage Rack:MP3:Partial Zero Emissions Vehicle:Pass-through Rear Seat:Power Locks:Power Mirrors:Power Outlet:Power Seat (Driver):Power Steering:Power Windows:Premium Sound System:Privacy Glass:Reading Lights:Rear-View Camera:Satellite Radio:Spoiler:Steering Wheel Controls:Tire Pressure Monitoring System:Vanity Mirror/Light:iPod Adapter:All-Season Tires:All-Season Tires (Front):All-Season Tires (Rear):Braking Assist:Bucket Seats:Driver Adjustable Lumbar:Front Airbags (Passenger):Leather Trimmed Seats:Power Seat (Passenger):Rear Side Airbags:Side Airbag:Stability Control:Wood Trimmed Interior
268417056	visit alternatives	market report view	http://www.kellyinfiniti.com/used-inventory/index.htm?listingConfigId=auto-used&compositeType=&year=&make=Subaru&trim=&bodyStyle=&odometer=&internetPrice=&normalExteriorColor=&normalInteriorColor=&start=0&sort=&facetbrowse=true&searchLinkText=SEARCH&showF	www.kellyinfiniti.com	2014-12-10 21:13:05.000000	Cambridge	Massachusetts	4S4BRBJC7C3286687	Used	2012	Subaru	Outback	2.5i Limited	Wagon	null	null	22998.0000	40122	24	Gray	Black	2.5 L	4 Cyl	Automatic	AWD	Gasoline	0	t	t	f	4-Wheel Disc Brakes:AM/FM:Adjustable Steering Wheel:Air Conditioning:Alloy Wheels:Anti-lock Brakes:Anti-theft System:Auto-dimming Mirror:Automatic Headlights:Child Safety Locks:Cruise Control:Daytime Running Lights:Dual-zone Climate Control:Floor Mats:Fog Lights:Front Airbags (Driver):Handsfree/Bluetooth Integration:Heated Mirrors:Heated Seats:Integrated Garage Door Opener:Intermittent Wipers:Keyless Entry:Leather Seats:Leather Steering Wheel:Luggage Rack:MP3:Partial Zero Emissions Vehicle:Pass-through Rear Seat:Power Locks:Power Mirrors:Power Outlet:Power Seat (Driver):Power Steering:Power Windows:Premium Sound System:Privacy Glass:Reading Lights:Rear-View Camera:Satellite Radio:Spoiler:Steering Wheel Controls:Tire Pressure Monitoring System:Vanity Mirror/Light:iPod Adapter:All-Season Tires:All-Season Tires (Front):All-Season Tires (Rear):Braking Assist:Bucket Seats:Driver Adjustable Lumbar:Front Airbags (Passenger):Leather Trimmed Seats:Power Seat (Passenger):Rear Side Airbags:Side Airbag:Stability Control:Wood Trimmed Interior
268417056	visit badges	market report view	http://www.kellyinfiniti.com/used-inventory/index.htm?listingConfigId=auto-used&compositeType=&year=&make=Subaru&trim=&bodyStyle=&odometer=&internetPrice=&normalExteriorColor=&normalInteriorColor=&start=0&sort=&facetbrowse=true&searchLinkText=SEARCH&showF	www.kellyinfiniti.com	2014-12-10 21:13:10.000000	Cambridge	Massachusetts	4S4BRBJC7C3286687	Used	2012	Subaru	Outback	2.5i Limited	Wagon	null	null	22998.0000	40122	24	Gray	Black	2.5 L	4 Cyl	Automatic	AWD	Gasoline	0	t	t	f	4-Wheel Disc Brakes:AM/FM:Adjustable Steering Wheel:Air Conditioning:Alloy Wheels:Anti-lock Brakes:Anti-theft System:Auto-dimming Mirror:Automatic Headlights:Child Safety Locks:Cruise Control:Daytime Running Lights:Dual-zone Climate Control:Floor Mats:Fog Lights:Front Airbags (Driver):Handsfree/Bluetooth Integration:Heated Mirrors:Heated Seats:Integrated Garage Door Opener:Intermittent Wipers:Keyless Entry:Leather Seats:Leather Steering Wheel:Luggage Rack:MP3:Partial Zero Emissions Vehicle:Pass-through Rear Seat:Power Locks:Power Mirrors:Power Outlet:Power Seat (Driver):Power Steering:Power Windows:Premium Sound System:Privacy Glass:Reading Lights:Rear-View Camera:Satellite Radio:Spoiler:Steering Wheel Controls:Tire Pressure Monitoring System:Vanity Mirror/Light:iPod Adapter:All-Season Tires:All-Season Tires (Front):All-Season Tires (Rear):Braking Assist:Bucket Seats:Driver Adjustable Lumbar:Front Airbags (Passenger):Leather Trimmed Seats:Power Seat (Passenger):Rear Side Airbags:Side Airbag:Stability Control:Wood Trimmed Interior
268417056	show badge detail	market report view	http://www.kellyinfiniti.com/used-inventory/index.htm?listingConfigId=auto-used&compositeType=&year=&make=Subaru&trim=&bodyStyle=&odometer=&internetPrice=&normalExteriorColor=&normalInteriorColor=&start=0&sort=&facetbrowse=true&searchLinkText=SEARCH&showF	www.kellyinfiniti.com	2014-12-10 21:12:13.000000	Cambridge	Massachusetts	4S4BRBJC7C3286687	Used	2012	Subaru	Outback	2.5i Limited	Wagon	null	null	22998.0000	40122	24	Gray	Black	2.5 L	4 Cyl	Automatic	AWD	Gasoline	0	t	t	f	4-Wheel Disc Brakes:AM/FM:Adjustable Steering Wheel:Air Conditioning:Alloy Wheels:Anti-lock Brakes:Anti-theft System:Auto-dimming Mirror:Automatic Headlights:Child Safety Locks:Cruise Control:Daytime Running Lights:Dual-zone Climate Control:Floor Mats:Fog Lights:Front Airbags (Driver):Handsfree/Bluetooth Integration:Heated Mirrors:Heated Seats:Integrated Garage Door Opener:Intermittent Wipers:Keyless Entry:Leather Seats:Leather Steering Wheel:Luggage Rack:MP3:Partial Zero Emissions Vehicle:Pass-through Rear Seat:Power Locks:Power Mirrors:Power Outlet:Power Seat (Driver):Power Steering:Power Windows:Premium Sound System:Privacy Glass:Reading Lights:Rear-View Camera:Satellite Radio:Spoiler:Steering Wheel Controls:Tire Pressure Monitoring System:Vanity Mirror/Light:iPod Adapter:All-Season Tires:All-Season Tires (Front):All-Season Tires (Rear):Braking Assist:Bucket Seats:Driver Adjustable Lumbar:Front Airbags (Passenger):Leather Trimmed Seats:Power Seat (Passenger):Rear Side Airbags:Side Airbag:Stability Control:Wood Trimmed Interior
268417056	visit features	market report view	http://www.kellyinfiniti.com/used-inventory/index.htm?listingConfigId=auto-used&compositeType=&year=&make=Subaru&trim=&bodyStyle=&odometer=&internetPrice=&normalExteriorColor=&normalInteriorColor=&start=0&sort=&facetbrowse=true&searchLinkText=SEARCH&showF	www.kellyinfiniti.com	2014-12-10 21:12:18.000000	Cambridge	Massachusetts	4S4BRBJC7C3286687	Used	2012	Subaru	Outback	2.5i Limited	Wagon	null	null	22998.0000	40122	24	Gray	Black	2.5 L	4 Cyl	Automatic	AWD	Gasoline	0	t	t	f	4-Wheel Disc Brakes:AM/FM:Adjustable Steering Wheel:Air Conditioning:Alloy Wheels:Anti-lock Brakes:Anti-theft System:Auto-dimming Mirror:Automatic Headlights:Child Safety Locks:Cruise Control:Daytime Running Lights:Dual-zone Climate Control:Floor Mats:Fog Lights:Front Airbags (Driver):Handsfree/Bluetooth Integration:Heated Mirrors:Heated Seats:Integrated Garage Door Opener:Intermittent Wipers:Keyless Entry:Leather Seats:Leather Steering Wheel:Luggage Rack:MP3:Partial Zero Emissions Vehicle:Pass-through Rear Seat:Power Locks:Power Mirrors:Power Outlet:Power Seat (Driver):Power Steering:Power Windows:Premium Sound System:Privacy Glass:Reading Lights:Rear-View Camera:Satellite Radio:Spoiler:Steering Wheel Controls:Tire Pressure Monitoring System:Vanity Mirror/Light:iPod Adapter:All-Season Tires:All-Season Tires (Front):All-Season Tires (Rear):Braking Assist:Bucket Seats:Driver Adjustable Lumbar:Front Airbags (Passenger):Leather Trimmed Seats:Power Seat (Passenger):Rear Side Airbags:Side Airbag:Stability Control:Wood Trimmed Interior
268417056	show badge detail	market report view	http://www.kellyinfiniti.com/used-inventory/index.htm?listingConfigId=auto-used&compositeType=&year=&make=Subaru&trim=&bodyStyle=&odometer=&internetPrice=&normalExteriorColor=&normalInteriorColor=&start=0&sort=&facetbrowse=true&searchLinkText=SEARCH&showF	www.kellyinfiniti.com	2014-12-10 21:12:14.000000	Cambridge	Massachusetts	4S4BRBJC7C3286687	Used	2012	Subaru	Outback	2.5i Limited	Wagon	null	null	22998.0000	40122	24	Gray	Black	2.5 L	4 Cyl	Automatic	AWD	Gasoline	0	t	t	f	4-Wheel Disc Brakes:AM/FM:Adjustable Steering Wheel:Air Conditioning:Alloy Wheels:Anti-lock Brakes:Anti-theft System:Auto-dimming Mirror:Automatic Headlights:Child Safety Locks:Cruise Control:Daytime Running Lights:Dual-zone Climate Control:Floor Mats:Fog Lights:Front Airbags (Driver):Handsfree/Bluetooth Integration:Heated Mirrors:Heated Seats:Integrated Garage Door Opener:Intermittent Wipers:Keyless Entry:Leather Seats:Leather Steering Wheel:Luggage Rack:MP3:Partial Zero Emissions Vehicle:Pass-through Rear Seat:Power Locks:Power Mirrors:Power Outlet:Power Seat (Driver):Power Steering:Power Windows:Premium Sound System:Privacy Glass:Reading Lights:Rear-View Camera:Satellite Radio:Spoiler:Steering Wheel Controls:Tire Pressure Monitoring System:Vanity Mirror/Light:iPod Adapter:All-Season Tires:All-Season Tires (Front):All-Season Tires (Rear):Braking Assist:Bucket Seats:Driver Adjustable Lumbar:Front Airbags (Passenger):Leather Trimmed Seats:Power Seat (Passenger):Rear Side Airbags:Side Airbag:Stability Control:Wood Trimmed Interior
268417056	visit_market_report_listing	market report view	http://www.kellyinfiniti.com/used-inventory/index.htm?listingConfigId=auto-used&compositeType=&year=&make=Subaru&trim=&bodyStyle=&odometer=&internetPrice=&normalExteriorColor=&normalInteriorColor=&start=0&sort=&facetbrowse=true&searchLinkText=SEARCH&showF	www.kellyinfiniti.com	2014-12-10 21:12:10.000000	Cambridge	Massachusetts	4S4BRBJC7C3286687	Used	2012	Subaru	Outback	2.5i Limited	Wagon	null	null	22998.0000	40122	24	Gray	Black	2.5 L	4 Cyl	Automatic	AWD	Gasoline	0	t	t	f	4-Wheel Disc Brakes:AM/FM:Adjustable Steering Wheel:Air Conditioning:Alloy Wheels:Anti-lock Brakes:Anti-theft System:Auto-dimming Mirror:Automatic Headlights:Child Safety Locks:Cruise Control:Daytime Running Lights:Dual-zone Climate Control:Floor Mats:Fog Lights:Front Airbags (Driver):Handsfree/Bluetooth Integration:Heated Mirrors:Heated Seats:Integrated Garage Door Opener:Intermittent Wipers:Keyless Entry:Leather Seats:Leather Steering Wheel:Luggage Rack:MP3:Partial Zero Emissions Vehicle:Pass-through Rear Seat:Power Locks:Power Mirrors:Power Outlet:Power Seat (Driver):Power Steering:Power Windows:Premium Sound System:Privacy Glass:Reading Lights:Rear-View Camera:Satellite Radio:Spoiler:Steering Wheel Controls:Tire Pressure Monitoring System:Vanity Mirror/Light:iPod Adapter:All-Season Tires:All-Season Tires (Front):All-Season Tires (Rear):Braking Assist:Bucket Seats:Driver Adjustable Lumbar:Front Airbags (Passenger):Leather Trimmed Seats:Power Seat (Passenger):Rear Side Airbags:Side Airbag:Stability Control:Wood Trimmed Interior
268417056	visit vehicle history	market report view	http://www.kellyinfiniti.com/used-inventory/index.htm?listingConfigId=auto-used&compositeType=&year=&make=Subaru&trim=&bodyStyle=&odometer=&internetPrice=&normalExteriorColor=&normalInteriorColor=&start=0&sort=&facetbrowse=true&searchLinkText=SEARCH&showF	www.kellyinfiniti.com	2014-12-10 21:13:10.000000	Cambridge	Massachusetts	4S4BRBJC7C3286687	Used	2012	Subaru	Outback	2.5i Limited	Wagon	null	null	22998.0000	40122	24	Gray	Black	2.5 L	4 Cyl	Automatic	AWD	Gasoline	0	t	t	f	4-Wheel Disc Brakes:AM/FM:Adjustable Steering Wheel:Air Conditioning:Alloy Wheels:Anti-lock Brakes:Anti-theft System:Auto-dimming Mirror:Automatic Headlights:Child Safety Locks:Cruise Control:Daytime Running Lights:Dual-zone Climate Control:Floor Mats:Fog Lights:Front Airbags (Driver):Handsfree/Bluetooth Integration:Heated Mirrors:Heated Seats:Integrated Garage Door Opener:Intermittent Wipers:Keyless Entry:Leather Seats:Leather Steering Wheel:Luggage Rack:MP3:Partial Zero Emissions Vehicle:Pass-through Rear Seat:Power Locks:Power Mirrors:Power Outlet:Power Seat (Driver):Power Steering:Power Windows:Premium Sound System:Privacy Glass:Reading Lights:Rear-View Camera:Satellite Radio:Spoiler:Steering Wheel Controls:Tire Pressure Monitoring System:Vanity Mirror/Light:iPod Adapter:All-Season Tires:All-Season Tires (Front):All-Season Tires (Rear):Braking Assist:Bucket Seats:Driver Adjustable Lumbar:Front Airbags (Passenger):Leather Trimmed Seats:Power Seat (Passenger):Rear Side Airbags:Side Airbag:Stability Control:Wood Trimmed Interior
268417056	visit badges	market report view	http://www.kellyinfiniti.com/used-inventory/index.htm?listingConfigId=auto-used&compositeType=&year=&make=Subaru&trim=&bodyStyle=&odometer=&internetPrice=&normalExteriorColor=&normalInteriorColor=&start=0&sort=&facetbrowse=true&searchLinkText=SEARCH&showF	www.kellyinfiniti.com	2014-12-10 21:12:13.000000	Cambridge	Massachusetts	4S4BRBJC7C3286687	Used	2012	Subaru	Outback	2.5i Limited	Wagon	null	null	22998.0000	40122	24	Gray	Black	2.5 L	4 Cyl	Automatic	AWD	Gasoline	0	t	t	f	4-Wheel Disc Brakes:AM/FM:Adjustable Steering Wheel:Air Conditioning:Alloy Wheels:Anti-lock Brakes:Anti-theft System:Auto-dimming Mirror:Automatic Headlights:Child Safety Locks:Cruise Control:Daytime Running Lights:Dual-zone Climate Control:Floor Mats:Fog Lights:Front Airbags (Driver):Handsfree/Bluetooth Integration:Heated Mirrors:Heated Seats:Integrated Garage Door Opener:Intermittent Wipers:Keyless Entry:Leather Seats:Leather Steering Wheel:Luggage Rack:MP3:Partial Zero Emissions Vehicle:Pass-through Rear Seat:Power Locks:Power Mirrors:Power Outlet:Power Seat (Driver):Power Steering:Power Windows:Premium Sound System:Privacy Glass:Reading Lights:Rear-View Camera:Satellite Radio:Spoiler:Steering Wheel Controls:Tire Pressure Monitoring System:Vanity Mirror/Light:iPod Adapter:All-Season Tires:All-Season Tires (Front):All-Season Tires (Rear):Braking Assist:Bucket Seats:Driver Adjustable Lumbar:Front Airbags (Passenger):Leather Trimmed Seats:Power Seat (Passenger):Rear Side Airbags:Side Airbag:Stability Control:Wood Trimmed Interior
268417056	visit contact form	market report view	http://www.kellyinfiniti.com/used-inventory/index.htm?listingConfigId=auto-used&compositeType=&year=&make=Subaru&trim=&bodyStyle=&odometer=&internetPrice=&normalExteriorColor=&normalInteriorColor=&start=0&sort=&facetbrowse=true&searchLinkText=SEARCH&showF	www.kellyinfiniti.com	2014-12-10 21:12:38.000000	Cambridge	Massachusetts	4S4BRBJC7C3286687	Used	2012	Subaru	Outback	2.5i Limited	Wagon	null	null	22998.0000	40122	24	Gray	Black	2.5 L	4 Cyl	Automatic	AWD	Gasoline	0	t	t	f	4-Wheel Disc Brakes:AM/FM:Adjustable Steering Wheel:Air Conditioning:Alloy Wheels:Anti-lock Brakes:Anti-theft System:Auto-dimming Mirror:Automatic Headlights:Child Safety Locks:Cruise Control:Daytime Running Lights:Dual-zone Climate Control:Floor Mats:Fog Lights:Front Airbags (Driver):Handsfree/Bluetooth Integration:Heated Mirrors:Heated Seats:Integrated Garage Door Opener:Intermittent Wipers:Keyless Entry:Leather Seats:Leather Steering Wheel:Luggage Rack:MP3:Partial Zero Emissions Vehicle:Pass-through Rear Seat:Power Locks:Power Mirrors:Power Outlet:Power Seat (Driver):Power Steering:Power Windows:Premium Sound System:Privacy Glass:Reading Lights:Rear-View Camera:Satellite Radio:Spoiler:Steering Wheel Controls:Tire Pressure Monitoring System:Vanity Mirror/Light:iPod Adapter:All-Season Tires:All-Season Tires (Front):All-Season Tires (Rear):Braking Assist:Bucket Seats:Driver Adjustable Lumbar:Front Airbags (Passenger):Leather Trimmed Seats:Power Seat (Passenger):Rear Side Airbags:Side Airbag:Stability Control:Wood Trimmed Interior
268417056	show badge detail	market report view	http://www.kellyinfiniti.com/used-inventory/index.htm?listingConfigId=auto-used&compositeType=&year=&make=Subaru&trim=&bodyStyle=&odometer=&internetPrice=&normalExteriorColor=&normalInteriorColor=&start=0&sort=&facetbrowse=true&searchLinkText=SEARCH&showF	www.kellyinfiniti.com	2014-12-10 21:13:10.000000	Cambridge	Massachusetts	4S4BRBJC7C3286687	Used	2012	Subaru	Outback	2.5i Limited	Wagon	null	null	22998.0000	40122	24	Gray	Black	2.5 L	4 Cyl	Automatic	AWD	Gasoline	0	t	t	f	4-Wheel Disc Brakes:AM/FM:Adjustable Steering Wheel:Air Conditioning:Alloy Wheels:Anti-lock Brakes:Anti-theft System:Auto-dimming Mirror:Automatic Headlights:Child Safety Locks:Cruise Control:Daytime Running Lights:Dual-zone Climate Control:Floor Mats:Fog Lights:Front Airbags (Driver):Handsfree/Bluetooth Integration:Heated Mirrors:Heated Seats:Integrated Garage Door Opener:Intermittent Wipers:Keyless Entry:Leather Seats:Leather Steering Wheel:Luggage Rack:MP3:Partial Zero Emissions Vehicle:Pass-through Rear Seat:Power Locks:Power Mirrors:Power Outlet:Power Seat (Driver):Power Steering:Power Windows:Premium Sound System:Privacy Glass:Reading Lights:Rear-View Camera:Satellite Radio:Spoiler:Steering Wheel Controls:Tire Pressure Monitoring System:Vanity Mirror/Light:iPod Adapter:All-Season Tires:All-Season Tires (Front):All-Season Tires (Rear):Braking Assist:Bucket Seats:Driver Adjustable Lumbar:Front Airbags (Passenger):Leather Trimmed Seats:Power Seat (Passenger):Rear Side Airbags:Side Airbag:Stability Control:Wood Trimmed Interior
268119158	visit_market_report_listing	market report view	http://www.kellyinfiniti.com/used/Subaru/2012-Subaru-Outback-690755540a0a00e0367cc59d242404b8.htm	www.kellyinfiniti.com	2014-12-13 05:57:14.000000	Lynn	Massachusetts	4S4BRBJC7C3286687	Used	2012	Subaru	Outback	2.5i Limited	Wagon	null	null	22998.0000	40122	24	Gray	Black	2.5 L	4 Cyl	Automatic	AWD	Gasoline	0	t	t	f	4-Wheel Disc Brakes:AM/FM:Adjustable Steering Wheel:Air Conditioning:Alloy Wheels:Anti-lock Brakes:Anti-theft System:Auto-dimming Mirror:Automatic Headlights:Child Safety Locks:Cruise Control:Daytime Running Lights:Dual-zone Climate Control:Floor Mats:Fog Lights:Front Airbags (Driver):Handsfree/Bluetooth Integration:Heated Mirrors:Heated Seats:Integrated Garage Door Opener:Intermittent Wipers:Keyless Entry:Leather Seats:Leather Steering Wheel:Luggage Rack:MP3:Partial Zero Emissions Vehicle:Pass-through Rear Seat:Power Locks:Power Mirrors:Power Outlet:Power Seat (Driver):Power Steering:Power Windows:Premium Sound System:Privacy Glass:Reading Lights:Rear-View Camera:Satellite Radio:Spoiler:Steering Wheel Controls:Tire Pressure Monitoring System:Vanity Mirror/Light:iPod Adapter:All-Season Tires:All-Season Tires (Front):All-Season Tires (Rear):Braking Assist:Bucket Seats:Driver Adjustable Lumbar:Front Airbags (Passenger):Leather Trimmed Seats:Power Seat (Passenger):Rear Side Airbags:Side Airbag:Stability Control:Wood Trimmed Interior
268358179	visit_market_report_listing	market report view	http://www.andymohrtoyota.com/inventory/2007-mitsubishi-raider-ls-rwd-4d-crew-cab-1z7hc28kx7s265815	www.andymohrtoyota.com	2015-01-08 11:53:03.000000	Indianapolis	Indiana	1Z7HC28KX7S265815	Used	2007	Mitsubishi	Raider	LS	Pickup	null	Crew Cab	10817.0000	106128	17	Red	null	3.7 L	6 Cyl	Automatic	RWD	Gasoline	0	f	f	f	AM/FM:Adjustable Steering Wheel:Air Conditioning:Anti-lock Brakes:Anti-theft System:CD (Single Disc):Cloth Seats:Cruise Control:Cup Holder:Double Cab:Fog Lights:Front Airbags (Driver):Independent Suspension:Intermittent Wipers:Keyless Entry:MP3:Power Mirrors:Power Steering:Power Windows:Reading Lights:Split/Folding Seats:Steel Wheels:Tachometer:Vanity Mirror/Light:4 Speakers:Bench Seat:Body Colored Bumpers:Body Side Moldings:Delay-Off Headlights:Door Bin:Front Airbags (Passenger):Front Anti-Roll Bar:Front Center Armrest:Illuminated Entry:Passenger Sensing Airbag:Rear Anti-Roll Bar:Step Bumper
268358179	visit badges	market report view	http://www.andymohrtoyota.com/inventory/2007-mitsubishi-raider-ls-rwd-4d-crew-cab-1z7hc28kx7s265815	www.andymohrtoyota.com	2015-01-08 11:53:06.000000	Indianapolis	Indiana	1Z7HC28KX7S265815	Used	2007	Mitsubishi	Raider	LS	Pickup	null	Crew Cab	10817.0000	106128	17	Red	null	3.7 L	6 Cyl	Automatic	RWD	Gasoline	0	f	f	f	AM/FM:Adjustable Steering Wheel:Air Conditioning:Anti-lock Brakes:Anti-theft System:CD (Single Disc):Cloth Seats:Cruise Control:Cup Holder:Double Cab:Fog Lights:Front Airbags (Driver):Independent Suspension:Intermittent Wipers:Keyless Entry:MP3:Power Mirrors:Power Steering:Power Windows:Reading Lights:Split/Folding Seats:Steel Wheels:Tachometer:Vanity Mirror/Light:4 Speakers:Bench Seat:Body Colored Bumpers:Body Side Moldings:Delay-Off Headlights:Door Bin:Front Airbags (Passenger):Front Anti-Roll Bar:Front Center Armrest:Illuminated Entry:Passenger Sensing Airbag:Rear Anti-Roll Bar:Step Bumper
268358179	visit vehicle history	market report view	http://www.andymohrtoyota.com/inventory/2007-mitsubishi-raider-ls-rwd-4d-crew-cab-1z7hc28kx7s265815	www.andymohrtoyota.com	2015-01-08 11:53:15.000000	Indianapolis	Indiana	1Z7HC28KX7S265815	Used	2007	Mitsubishi	Raider	LS	Pickup	null	Crew Cab	10817.0000	106128	17	Red	null	3.7 L	6 Cyl	Automatic	RWD	Gasoline	0	f	f	f	AM/FM:Adjustable Steering Wheel:Air Conditioning:Anti-lock Brakes:Anti-theft System:CD (Single Disc):Cloth Seats:Cruise Control:Cup Holder:Double Cab:Fog Lights:Front Airbags (Driver):Independent Suspension:Intermittent Wipers:Keyless Entry:MP3:Power Mirrors:Power Steering:Power Windows:Reading Lights:Split/Folding Seats:Steel Wheels:Tachometer:Vanity Mirror/Light:4 Speakers:Bench Seat:Body Colored Bumpers:Body Side Moldings:Delay-Off Headlights:Door Bin:Front Airbags (Passenger):Front Anti-Roll Bar:Front Center Armrest:Illuminated Entry:Passenger Sensing Airbag:Rear Anti-Roll Bar:Step Bumper
268358179	visit vehicle history	market report view	http://www.andymohrtoyota.com/inventory/2007-mitsubishi-raider-ls-rwd-4d-crew-cab-1z7hc28kx7s265815	www.andymohrtoyota.com	2015-01-08 11:53:17.000000	Indianapolis	Indiana	1Z7HC28KX7S265815	Used	2007	Mitsubishi	Raider	LS	Pickup	null	Crew Cab	10817.0000	106128	17	Red	null	3.7 L	6 Cyl	Automatic	RWD	Gasoline	0	f	f	f	AM/FM:Adjustable Steering Wheel:Air Conditioning:Anti-lock Brakes:Anti-theft System:CD (Single Disc):Cloth Seats:Cruise Control:Cup Holder:Double Cab:Fog Lights:Front Airbags (Driver):Independent Suspension:Intermittent Wipers:Keyless Entry:MP3:Power Mirrors:Power Steering:Power Windows:Reading Lights:Split/Folding Seats:Steel Wheels:Tachometer:Vanity Mirror/Light:4 Speakers:Bench Seat:Body Colored Bumpers:Body Side Moldings:Delay-Off Headlights:Door Bin:Front Airbags (Passenger):Front Anti-Roll Bar:Front Center Armrest:Illuminated Entry:Passenger Sensing Airbag:Rear Anti-Roll Bar:Step Bumper
268358179	visit badges	market report view	http://www.andymohrtoyota.com/inventory/2007-mitsubishi-raider-ls-rwd-4d-crew-cab-1z7hc28kx7s265815	www.andymohrtoyota.com	2015-01-08 11:53:20.000000	Indianapolis	Indiana	1Z7HC28KX7S265815	Used	2007	Mitsubishi	Raider	LS	Pickup	null	Crew Cab	10817.0000	106128	17	Red	null	3.7 L	6 Cyl	Automatic	RWD	Gasoline	0	f	f	f	AM/FM:Adjustable Steering Wheel:Air Conditioning:Anti-lock Brakes:Anti-theft System:CD (Single Disc):Cloth Seats:Cruise Control:Cup Holder:Double Cab:Fog Lights:Front Airbags (Driver):Independent Suspension:Intermittent Wipers:Keyless Entry:MP3:Power Mirrors:Power Steering:Power Windows:Reading Lights:Split/Folding Seats:Steel Wheels:Tachometer:Vanity Mirror/Light:4 Speakers:Bench Seat:Body Colored Bumpers:Body Side Moldings:Delay-Off Headlights:Door Bin:Front Airbags (Passenger):Front Anti-Roll Bar:Front Center Armrest:Illuminated Entry:Passenger Sensing Airbag:Rear Anti-Roll Bar:Step Bumper
268358179	show badge detail	market report view	http://www.andymohrtoyota.com/inventory/2007-mitsubishi-raider-ls-rwd-4d-crew-cab-1z7hc28kx7s265815	www.andymohrtoyota.com	2015-01-08 11:53:42.000000	Indianapolis	Indiana	1Z7HC28KX7S265815	Used	2007	Mitsubishi	Raider	LS	Pickup	null	Crew Cab	10817.0000	106128	17	Red	null	3.7 L	6 Cyl	Automatic	RWD	Gasoline	0	f	f	f	AM/FM:Adjustable Steering Wheel:Air Conditioning:Anti-lock Brakes:Anti-theft System:CD (Single Disc):Cloth Seats:Cruise Control:Cup Holder:Double Cab:Fog Lights:Front Airbags (Driver):Independent Suspension:Intermittent Wipers:Keyless Entry:MP3:Power Mirrors:Power Steering:Power Windows:Reading Lights:Split/Folding Seats:Steel Wheels:Tachometer:Vanity Mirror/Light:4 Speakers:Bench Seat:Body Colored Bumpers:Body Side Moldings:Delay-Off Headlights:Door Bin:Front Airbags (Passenger):Front Anti-Roll Bar:Front Center Armrest:Illuminated Entry:Passenger Sensing Airbag:Rear Anti-Roll Bar:Step Bumper
268108062	click features section	market report view	http://matthewsauto.cms.dealer.com/used-inventory/index.htm?search=sonata	matthewsauto.cms.dealer.com	2015-01-19 10:06:14.000000	Vestal	New York	5NPEC4AC0BH200914	Used	2011	Hyundai	Sonata		Sedan	null	null	0.0000	0	26	Red	null	2.4 L	4 Cyl	Automatic	FWD	Gasoline	0	f	f	f	4-Wheel Disc Brakes:4-Wheel Independent Suspension:AM/FM:Adjustable Headrests:Adjustable Steering Wheel:Air Conditioning:Anti-lock Brakes:Anti-theft System:CD (Single Disc):Cruise Control:Daytime Running Lights:Front Airbags (Driver):Front Side Airbags (Driver):Handsfree/Bluetooth Integration:Heated Mirrors:Independent Suspension:Intermittent Wipers:Keyless Entry:MP3:Power Locks:Power Mirrors:Power Steering:Power Windows:Reading Lights:Rear Window Defroster:Satellite Radio:Side Curtain Airbags:Split/Folding Seats:Steering Wheel Controls:Tachometer:Thermometer:Tinted Windows:Tire Pressure Monitoring System:Trip Computer:Vanity Mirror/Light:Armrest Storage:Body Colored Bumpers:Braking Assist:Delay-Off Headlights:Door Bin:Front Airbags (Passenger):Front Anti-Roll Bar:Front Bucket Seats:Front Center Armrest:Front Side Airbags (Passenger):Head Restraint Whiplash Protection:Illuminated Entry:Overhead Airbag:Overhead Console:Passenger Sensing Airbag:Rear Anti-Roll Bar:Rear Center Armrest:Speed-Sensing Steering:Stability Control:Traction Control
268108062	show badge detail	market report view	http://matthewsauto.cms.dealer.com/used-inventory/index.htm?search=sonata	matthewsauto.cms.dealer.com	2015-01-19 10:11:25.000000	Vestal	New York	5NPEC4AC0BH200914	Used	2011	Hyundai	Sonata		Sedan	null	null	0.0000	0	26	Red	null	2.4 L	4 Cyl	Automatic	FWD	Gasoline	0	f	f	f	4-Wheel Disc Brakes:4-Wheel Independent Suspension:AM/FM:Adjustable Headrests:Adjustable Steering Wheel:Air Conditioning:Anti-lock Brakes:Anti-theft System:CD (Single Disc):Cruise Control:Daytime Running Lights:Front Airbags (Driver):Front Side Airbags (Driver):Handsfree/Bluetooth Integration:Heated Mirrors:Independent Suspension:Intermittent Wipers:Keyless Entry:MP3:Power Locks:Power Mirrors:Power Steering:Power Windows:Reading Lights:Rear Window Defroster:Satellite Radio:Side Curtain Airbags:Split/Folding Seats:Steering Wheel Controls:Tachometer:Thermometer:Tinted Windows:Tire Pressure Monitoring System:Trip Computer:Vanity Mirror/Light:Armrest Storage:Body Colored Bumpers:Braking Assist:Delay-Off Headlights:Door Bin:Front Airbags (Passenger):Front Anti-Roll Bar:Front Bucket Seats:Front Center Armrest:Front Side Airbags (Passenger):Head Restraint Whiplash Protection:Illuminated Entry:Overhead Airbag:Overhead Console:Passenger Sensing Airbag:Rear Anti-Roll Bar:Rear Center Armrest:Speed-Sensing Steering:Stability Control:Traction Control
268729507	visit alternatives	market report view	http://www.matthewsauto.com/used-inventory/index.htm?make=Hyundai&&&&	www.matthewsauto.com	2015-01-23 17:54:39.000000	null	null	5NPEC4AC0BH200914	Used	2011	Hyundai	Sonata		Sedan	null	null	0.0000	0	26	Red	null	2.4 L	4 Cyl	Automatic	FWD	Gasoline	0	f	f	f	4-Wheel Disc Brakes:4-Wheel Independent Suspension:AM/FM:Adjustable Headrests:Adjustable Steering Wheel:Air Conditioning:Anti-lock Brakes:Anti-theft System:CD (Single Disc):Cruise Control:Daytime Running Lights:Front Airbags (Driver):Front Side Airbags (Driver):Handsfree/Bluetooth Integration:Heated Mirrors:Independent Suspension:Intermittent Wipers:Keyless Entry:MP3:Power Locks:Power Mirrors:Power Steering:Power Windows:Reading Lights:Rear Window Defroster:Satellite Radio:Side Curtain Airbags:Split/Folding Seats:Steering Wheel Controls:Tachometer:Thermometer:Tinted Windows:Tire Pressure Monitoring System:Trip Computer:Vanity Mirror/Light:Armrest Storage:Body Colored Bumpers:Braking Assist:Delay-Off Headlights:Door Bin:Front Airbags (Passenger):Front Anti-Roll Bar:Front Bucket Seats:Front Center Armrest:Front Side Airbags (Passenger):Head Restraint Whiplash Protection:Illuminated Entry:Overhead Airbag:Overhead Console:Passenger Sensing Airbag:Rear Anti-Roll Bar:Rear Center Armrest:Speed-Sensing Steering:Stability Control:Traction Control
268108062	show badge detail	market report view	http://matthewsauto.cms.dealer.com/used-inventory/index.htm?search=sonata	matthewsauto.cms.dealer.com	2015-01-19 10:06:22.000000	Vestal	New York	5NPEC4AC0BH200914	Used	2011	Hyundai	Sonata		Sedan	null	null	0.0000	0	26	Red	null	2.4 L	4 Cyl	Automatic	FWD	Gasoline	0	f	f	f	4-Wheel Disc Brakes:4-Wheel Independent Suspension:AM/FM:Adjustable Headrests:Adjustable Steering Wheel:Air Conditioning:Anti-lock Brakes:Anti-theft System:CD (Single Disc):Cruise Control:Daytime Running Lights:Front Airbags (Driver):Front Side Airbags (Driver):Handsfree/Bluetooth Integration:Heated Mirrors:Independent Suspension:Intermittent Wipers:Keyless Entry:MP3:Power Locks:Power Mirrors:Power Steering:Power Windows:Reading Lights:Rear Window Defroster:Satellite Radio:Side Curtain Airbags:Split/Folding Seats:Steering Wheel Controls:Tachometer:Thermometer:Tinted Windows:Tire Pressure Monitoring System:Trip Computer:Vanity Mirror/Light:Armrest Storage:Body Colored Bumpers:Braking Assist:Delay-Off Headlights:Door Bin:Front Airbags (Passenger):Front Anti-Roll Bar:Front Bucket Seats:Front Center Armrest:Front Side Airbags (Passenger):Head Restraint Whiplash Protection:Illuminated Entry:Overhead Airbag:Overhead Console:Passenger Sensing Airbag:Rear Anti-Roll Bar:Rear Center Armrest:Speed-Sensing Steering:Stability Control:Traction Control
268108062	visit badges	market report view	http://matthewsauto.cms.dealer.com/used-inventory/index.htm?search=sonata	matthewsauto.cms.dealer.com	2015-01-19 10:08:00.000000	Vestal	New York	5NPEC4AC0BH200914	Used	2011	Hyundai	Sonata		Sedan	null	null	0.0000	0	26	Red	null	2.4 L	4 Cyl	Automatic	FWD	Gasoline	0	f	f	f	4-Wheel Disc Brakes:4-Wheel Independent Suspension:AM/FM:Adjustable Headrests:Adjustable Steering Wheel:Air Conditioning:Anti-lock Brakes:Anti-theft System:CD (Single Disc):Cruise Control:Daytime Running Lights:Front Airbags (Driver):Front Side Airbags (Driver):Handsfree/Bluetooth Integration:Heated Mirrors:Independent Suspension:Intermittent Wipers:Keyless Entry:MP3:Power Locks:Power Mirrors:Power Steering:Power Windows:Reading Lights:Rear Window Defroster:Satellite Radio:Side Curtain Airbags:Split/Folding Seats:Steering Wheel Controls:Tachometer:Thermometer:Tinted Windows:Tire Pressure Monitoring System:Trip Computer:Vanity Mirror/Light:Armrest Storage:Body Colored Bumpers:Braking Assist:Delay-Off Headlights:Door Bin:Front Airbags (Passenger):Front Anti-Roll Bar:Front Bucket Seats:Front Center Armrest:Front Side Airbags (Passenger):Head Restraint Whiplash Protection:Illuminated Entry:Overhead Airbag:Overhead Console:Passenger Sensing Airbag:Rear Anti-Roll Bar:Rear Center Armrest:Speed-Sensing Steering:Stability Control:Traction Control
268729507	visit alternatives	market report view	http://www.matthewsauto.com/used-inventory/index.htm?make=Hyundai&&&&	www.matthewsauto.com	2015-01-23 17:54:25.000000	null	null	5NPEC4AC0BH200914	Used	2011	Hyundai	Sonata		Sedan	null	null	0.0000	0	26	Red	null	2.4 L	4 Cyl	Automatic	FWD	Gasoline	0	f	f	f	4-Wheel Disc Brakes:4-Wheel Independent Suspension:AM/FM:Adjustable Headrests:Adjustable Steering Wheel:Air Conditioning:Anti-lock Brakes:Anti-theft System:CD (Single Disc):Cruise Control:Daytime Running Lights:Front Airbags (Driver):Front Side Airbags (Driver):Handsfree/Bluetooth Integration:Heated Mirrors:Independent Suspension:Intermittent Wipers:Keyless Entry:MP3:Power Locks:Power Mirrors:Power Steering:Power Windows:Reading Lights:Rear Window Defroster:Satellite Radio:Side Curtain Airbags:Split/Folding Seats:Steering Wheel Controls:Tachometer:Thermometer:Tinted Windows:Tire Pressure Monitoring System:Trip Computer:Vanity Mirror/Light:Armrest Storage:Body Colored Bumpers:Braking Assist:Delay-Off Headlights:Door Bin:Front Airbags (Passenger):Front Anti-Roll Bar:Front Bucket Seats:Front Center Armrest:Front Side Airbags (Passenger):Head Restraint Whiplash Protection:Illuminated Entry:Overhead Airbag:Overhead Console:Passenger Sensing Airbag:Rear Anti-Roll Bar:Rear Center Armrest:Speed-Sensing Steering:Stability Control:Traction Control
268108062	visit badges	market report view	http://matthewsauto.cms.dealer.com/used-inventory/index.htm?search=sonata	matthewsauto.cms.dealer.com	2015-01-19 10:01:21.000000	Vestal	New York	5NPEC4AC0BH200914	Used	2011	Hyundai	Sonata		Sedan	null	null	0.0000	0	26	Red	null	2.4 L	4 Cyl	Automatic	FWD	Gasoline	0	f	f	f	4-Wheel Disc Brakes:4-Wheel Independent Suspension:AM/FM:Adjustable Headrests:Adjustable Steering Wheel:Air Conditioning:Anti-lock Brakes:Anti-theft System:CD (Single Disc):Cruise Control:Daytime Running Lights:Front Airbags (Driver):Front Side Airbags (Driver):Handsfree/Bluetooth Integration:Heated Mirrors:Independent Suspension:Intermittent Wipers:Keyless Entry:MP3:Power Locks:Power Mirrors:Power Steering:Power Windows:Reading Lights:Rear Window Defroster:Satellite Radio:Side Curtain Airbags:Split/Folding Seats:Steering Wheel Controls:Tachometer:Thermometer:Tinted Windows:Tire Pressure Monitoring System:Trip Computer:Vanity Mirror/Light:Armrest Storage:Body Colored Bumpers:Braking Assist:Delay-Off Headlights:Door Bin:Front Airbags (Passenger):Front Anti-Roll Bar:Front Bucket Seats:Front Center Armrest:Front Side Airbags (Passenger):Head Restraint Whiplash Protection:Illuminated Entry:Overhead Airbag:Overhead Console:Passenger Sensing Airbag:Rear Anti-Roll Bar:Rear Center Armrest:Speed-Sensing Steering:Stability Control:Traction Control
268108062	visit badges	market report view	http://matthewsauto.cms.dealer.com/used-inventory/index.htm?search=sonata	matthewsauto.cms.dealer.com	2015-01-19 10:01:11.000000	Vestal	New York	5NPEC4AC0BH200914	Used	2011	Hyundai	Sonata		Sedan	null	null	0.0000	0	26	Red	null	2.4 L	4 Cyl	Automatic	FWD	Gasoline	0	f	f	f	4-Wheel Disc Brakes:4-Wheel Independent Suspension:AM/FM:Adjustable Headrests:Adjustable Steering Wheel:Air Conditioning:Anti-lock Brakes:Anti-theft System:CD (Single Disc):Cruise Control:Daytime Running Lights:Front Airbags (Driver):Front Side Airbags (Driver):Handsfree/Bluetooth Integration:Heated Mirrors:Independent Suspension:Intermittent Wipers:Keyless Entry:MP3:Power Locks:Power Mirrors:Power Steering:Power Windows:Reading Lights:Rear Window Defroster:Satellite Radio:Side Curtain Airbags:Split/Folding Seats:Steering Wheel Controls:Tachometer:Thermometer:Tinted Windows:Tire Pressure Monitoring System:Trip Computer:Vanity Mirror/Light:Armrest Storage:Body Colored Bumpers:Braking Assist:Delay-Off Headlights:Door Bin:Front Airbags (Passenger):Front Anti-Roll Bar:Front Bucket Seats:Front Center Armrest:Front Side Airbags (Passenger):Head Restraint Whiplash Protection:Illuminated Entry:Overhead Airbag:Overhead Console:Passenger Sensing Airbag:Rear Anti-Roll Bar:Rear Center Armrest:Speed-Sensing Steering:Stability Control:Traction Control
